nameWithOwner,createdAt,updatedAt,releases.totalCount,primaryLanguage.name,pullRequests.totalCount,totalIssues.totalCount,closedIssues.totalCount
freeCodeCamp/freeCodeCamp,2014-12-24T17:49:19Z,2022-08-25T14:06:59Z,0,TypeScript,18107,16273,16137
996icu/996.ICU,2019-03-26T07:31:14Z,2022-08-25T12:57:50Z,0,,1063,0,0
EbookFoundation/free-programming-books,2013-10-11T06:50:37Z,2022-08-25T14:37:02Z,0,,4492,730,703
jwasham/coding-interview-university,2016-06-06T02:34:12Z,2022-08-25T14:34:31Z,0,,315,343,306
sindresorhus/awesome,2014-07-11T13:42:37Z,2022-08-25T14:36:56Z,0,,591,311,290
kamranahmedse/developer-roadmap,2017-03-15T13:45:52Z,2022-08-25T14:36:40Z,0,TypeScript,517,635,537
public-apis/public-apis,2016-03-20T23:49:42Z,2022-08-25T14:27:04Z,0,Python,1870,398,396
vuejs/vue,2013-07-29T03:24:51Z,2022-08-25T14:28:57Z,241,TypeScript,1100,9855,9524
donnemartin/system-design-primer,2017-02-26T16:15:28Z,2022-08-25T14:21:56Z,0,Python,193,231,67
facebook/react,2013-05-24T16:15:54Z,2022-08-25T14:33:00Z,99,JavaScript,8427,11666,10892
tensorflow/tensorflow,2015-11-07T01:19:20Z,2022-08-25T14:07:17Z,172,C++,15001,35416,33301
codecrafters-io/build-your-own-x,2018-05-09T12:03:18Z,2022-08-25T14:25:00Z,0,,91,517,345
twbs/bootstrap,2011-07-29T21:19:00Z,2022-08-25T14:15:26Z,79,JavaScript,7783,21457,21183
getify/You-Dont-Know-JS,2013-11-16T02:37:24Z,2022-08-25T14:11:29Z,0,,354,902,820
CyC2018/CS-Notes,2018-02-13T14:56:24Z,2022-08-25T14:00:38Z,0,,375,552,438
ohmyzsh/ohmyzsh,2009-08-28T18:15:37Z,2022-08-25T14:36:13Z,0,Shell,2706,4244,4017
trekhleb/javascript-algorithms,2018-03-24T07:47:04Z,2022-08-25T14:33:59Z,0,JavaScript,267,292,190
flutter/flutter,2015-03-06T22:54:58Z,2022-08-25T13:09:50Z,0,Dart,26782,72255,61384
TheAlgorithms/Python,2016-07-16T09:44:01Z,2022-08-25T14:00:45Z,0,Python,1870,1057,1029
vinta/awesome-python,2014-06-27T21:00:06Z,2022-08-25T14:37:31Z,0,Python,527,381,357
github/gitignore,2010-11-08T20:17:14Z,2022-08-25T14:09:10Z,0,,1522,0,0
torvalds/linux,2011-09-04T22:48:12Z,2022-08-25T14:11:30Z,0,C,9,0,0
microsoft/vscode,2015-09-03T20:23:38Z,2022-08-25T14:25:05Z,77,TypeScript,11199,140350,133178
Snailclimb/JavaGuide,2018-05-07T13:27:00Z,2022-08-25T12:49:06Z,0,Java,706,815,751
airbnb/javascript,2012-11-01T23:13:50Z,2022-08-25T14:16:32Z,0,JavaScript,780,1183,1095
jackfrued/Python-100-Days,2018-03-01T16:05:52Z,2022-08-25T14:24:38Z,0,Python,12,572,94
ossu/computer-science,2014-05-04T00:18:39Z,2022-08-25T14:29:39Z,0,,221,575,568
ytdl-org/youtube-dl,2010-10-31T14:35:07Z,2022-08-25T14:21:20Z,341,Python,1571,25145,21283
labuladong/fucking-algorithm,2020-02-19T09:01:23Z,2022-08-25T13:20:04Z,1,Markdown,207,483,314
jlevy/the-art-of-command-line,2015-05-20T15:11:03Z,2022-08-25T14:22:05Z,0,,304,209,116
facebook/react-native,2015-01-09T18:10:16Z,2022-08-25T14:37:17Z,210,JavaScript,646,23080,21181
electron/electron,2013-04-12T01:47:36Z,2022-08-25T14:05:17Z,1036,C++,15497,17356,15761
golang/go,2014-08-19T04:33:40Z,2022-08-25T14:29:23Z,0,Go,1,51635,44067
d3/d3,2010-09-27T17:22:42Z,2022-08-25T14:33:51Z,186,JavaScript,439,2111,2108
30-seconds/30-seconds-of-code,2017-11-29T17:35:03Z,2022-08-25T14:14:45Z,4,JavaScript,752,277,277
awesome-selfhosted/awesome-selfhosted,2015-06-01T02:33:17Z,2022-08-25T14:34:24Z,0,JavaScript,1908,712,635
facebook/create-react-app,2016-07-17T14:55:11Z,2022-08-25T14:07:03Z,83,JavaScript,1941,7830,6414
axios/axios,2014-08-18T22:30:27Z,2022-08-25T14:03:27Z,39,JavaScript,578,3752,3609
justjavac/free-programming-books-zh_CN,2013-11-04T01:59:19Z,2022-08-25T13:51:18Z,3,,280,0,0
vercel/next.js,2016-10-05T23:32:51Z,2022-08-25T14:30:12Z,1530,JavaScript,9741,13410,12310
kubernetes/kubernetes,2014-06-06T22:56:04Z,2022-08-25T13:58:45Z,550,Go,52297,41443,39814
nodejs/node,2014-11-26T19:57:11Z,2022-08-25T14:27:35Z,303,JavaScript,4690,14913,13616
avelino/awesome-go,2014-07-06T13:42:15Z,2022-08-25T14:34:27Z,0,Go,2794,464,452
microsoft/terminal,2017-08-11T18:38:22Z,2022-08-25T14:07:14Z,80,C++,2820,10363,8916
denoland/deno,2018-05-15T01:34:26Z,2022-08-25T14:30:49Z,190,Rust,6810,6332,5425
mrdoob/three.js,2010-03-23T18:58:01Z,2022-08-25T14:16:19Z,135,JavaScript,9937,11272,10918
microsoft/TypeScript,2014-06-17T15:28:39Z,2022-08-25T14:16:10Z,161,TypeScript,12082,34566,29070
angular/angular,2014-09-18T16:12:01Z,2022-08-25T12:56:59Z,196,TypeScript,3183,24274,23167
ant-design/ant-design,2015-04-24T15:37:24Z,2022-08-25T13:53:50Z,500,TypeScript,9122,24504,23675
goldbergyoni/nodebestpractices,2017-09-15T08:33:19Z,2022-08-25T14:27:11Z,0,JavaScript,736,298,279
mui/material-ui,2014-08-18T19:11:54Z,2022-08-25T14:34:21Z,370,JavaScript,13977,16256,15198
puppeteer/puppeteer,2017-05-09T22:16:13Z,2022-08-25T14:34:01Z,116,TypeScript,2598,5487,5156
PanJiaChen/vue-element-admin,2017-04-17T03:35:49Z,2022-08-25T14:36:25Z,49,Vue,313,3446,2315
yangshun/tech-interview-handbook,2016-07-05T05:00:48Z,2022-08-25T14:20:51Z,0,JavaScript,180,58,46
microsoft/PowerToys,2019-05-01T17:44:02Z,2022-08-25T14:27:26Z,66,C#,3383,16224,13276
iluwatar/java-design-patterns,2014-08-09T16:45:18Z,2022-08-25T13:15:01Z,0,Java,848,699,477
trimstray/the-book-of-secret-knowledge,2018-06-23T10:43:14Z,2022-08-25T14:24:19Z,0,,122,0,0
practical-tutorials/project-based-learning,2017-04-12T05:07:46Z,2022-08-25T14:29:51Z,0,,176,57,40
animate-css/animate.css,2011-10-12T10:07:38Z,2022-08-25T13:12:53Z,22,CSS,313,825,804
tensorflow/models,2016-02-05T01:15:20Z,2022-08-25T13:51:07Z,24,Python,2246,6957,5846
storybookjs/storybook,2016-03-18T04:23:44Z,2022-08-25T14:25:30Z,1047,TypeScript,6814,9307,7398
nvbn/thefuck,2015-04-08T15:08:04Z,2022-08-25T13:49:30Z,17,Python,474,645,444
ryanmcdermott/clean-code-javascript,2016-11-25T22:25:41Z,2022-08-25T14:27:36Z,0,JavaScript,148,129,81
MisterBooo/LeetCodeAnimation,2018-12-06T08:01:22Z,2022-08-25T13:20:08Z,0,Java,63,56,42
rust-lang/rust,2010-06-16T20:39:03Z,2022-08-25T14:33:42Z,101,Rust,42026,44871,36595
laravel/laravel,2011-06-08T03:06:08Z,2022-08-25T14:03:21Z,118,PHP,1444,0,0
FortAwesome/Font-Awesome,2012-02-17T14:19:43Z,2022-08-25T14:14:35Z,47,JavaScript,192,18485,13198
Genymobile/scrcpy,2017-11-21T18:00:27Z,2022-08-25T12:35:40Z,28,C,59,3109,2033
huggingface/transformers,2018-10-29T13:56:00Z,2022-08-25T14:15:58Z,99,Python,7065,9874,9471
gothinkster/realworld,2016-02-26T20:49:53Z,2022-08-25T14:35:57Z,0,Shell,227,505,453
vuejs/awesome-vue,2015-10-20T00:16:14Z,2022-08-25T12:45:04Z,0,,3340,205,180
django/django,2012-04-28T02:47:18Z,2022-08-25T14:02:55Z,0,Python,7585,0,0
bitcoin/bitcoin,2010-12-19T15:16:43Z,2022-08-25T14:20:18Z,37,C++,12095,7039,6580
tonsky/FiraCode,2014-11-11T19:32:38Z,2022-08-25T14:36:57Z,29,Clojure,123,1223,892
doocs/advanced-java,2018-10-06T11:38:30Z,2022-08-25T14:26:26Z,1,Java,74,133,132
moby/moby,2013-01-18T18:10:57Z,2022-08-25T10:40:32Z,107,Go,17492,21511,17480
papers-we-love/papers-we-love,2013-12-15T14:31:41Z,2022-08-25T14:11:05Z,0,Shell,403,173,157
opencv/opencv,2012-07-19T09:40:17Z,2022-08-25T14:10:59Z,58,C++,10688,9058,6913
typicode/json-server,2013-11-27T13:21:13Z,2022-08-25T14:12:13Z,10,JavaScript,100,1014,456
spring-projects/spring-boot,2012-10-19T15:02:57Z,2022-08-25T14:30:25Z,145,Java,41,26544,26021
gin-gonic/gin,2014-06-16T23:57:25Z,2022-08-25T14:22:39Z,22,Go,851,1886,1444
sveltejs/svelte,2016-11-20T18:13:05Z,2022-08-25T14:26:53Z,0,TypeScript,2393,4542,3887
webpack/webpack,2012-03-10T10:08:14Z,2022-08-25T09:49:03Z,381,JavaScript,4180,9172,8983
hakimel/reveal.js,2011-06-07T18:54:22Z,2022-08-25T08:35:54Z,38,JavaScript,365,2156,1524
thedaviddias/Front-End-Checklist,2017-10-16T10:12:36Z,2022-08-25T13:30:51Z,1,,172,136,132
mtdvio/every-programmer-should-know,2017-08-24T13:18:26Z,2022-08-25T14:14:47Z,0,,86,42,17
gohugoio/hugo,2013-07-04T15:26:26Z,2022-08-25T14:27:58Z,198,Go,1752,6093,5512
elastic/elasticsearch,2010-02-08T13:20:56Z,2022-08-25T13:28:37Z,95,Java,50661,30570,27132
macrozheng/mall,2018-04-04T01:11:44Z,2022-08-25T14:30:51Z,2,Java,0,435,411
nvm-sh/nvm,2010-04-15T17:47:47Z,2022-08-25T14:28:05Z,60,Shell,654,1789,1490
apple/swift,2015-10-23T21:15:07Z,2022-08-25T14:21:46Z,41,C++,38848,12780,7277
netdata/netdata,2013-06-17T18:39:10Z,2022-08-25T12:36:02Z,57,C,5688,6937,6767
pallets/flask,2010-04-06T11:11:59Z,2022-08-25T13:04:34Z,23,Python,1399,2384,2383
tailwindlabs/tailwindcss,2017-10-06T14:59:14Z,2022-08-25T14:36:55Z,201,JavaScript,1482,2477,2466
angular/angular.js,2010-01-06T00:34:37Z,2022-08-25T13:31:59Z,0,JavaScript,789,9040,8649
fatedier/frp,2015-12-21T15:24:59Z,2022-08-25T14:24:33Z,73,Go,391,2461,2355
reduxjs/redux,2015-05-29T23:53:15Z,2022-08-25T11:41:33Z,67,TypeScript,1543,1963,1922
521xueweihan/HelloGitHub,2016-05-04T06:24:11Z,2022-08-25T13:53:47Z,21,Python,14,2267,2244
atom/atom,2012-01-20T18:18:21Z,2022-08-25T13:46:00Z,538,JavaScript,3928,17044,16129
resume/resume.github.com,2011-02-06T13:39:55Z,2022-08-25T14:23:35Z,0,JavaScript,84,107,59
pytorch/pytorch,2016-08-13T05:26:41Z,2022-08-25T14:13:20Z,41,C++,5171,27894,18804
expressjs/express,2009-06-26T18:56:01Z,2022-08-25T14:20:32Z,146,JavaScript,257,3693,3587
kdn251/interviews,2017-02-14T18:19:25Z,2022-08-25T11:55:19Z,0,Java,42,49,19
chartjs/Chart.js,2013-03-17T23:56:36Z,2022-08-25T10:13:42Z,91,JavaScript,2718,6527,6373
ripienaar/free-for-dev,2015-03-18T21:06:26Z,2022-08-25T14:02:43Z,0,HTML,1928,0,0
neovim/neovim,2014-01-31T13:39:22Z,2022-08-25T14:35:29Z,27,Vim Script,7766,8510,7302
florinpop17/app-ideas,2019-02-25T18:36:56Z,2022-08-25T14:35:02Z,0,,149,78,32
xingshaocheng/architect-awesome,2018-04-06T13:30:58Z,2022-08-25T12:50:28Z,0,,49,66,19
jquery/jquery,2009-04-03T15:20:14Z,2022-08-25T10:27:53Z,2,JavaScript,553,2192,2119
socketio/socket.io,2010-03-11T18:24:48Z,2022-08-25T14:37:45Z,50,TypeScript,408,3235,3137
microsoft/Web-Dev-For-Beginners,2020-11-10T02:44:00Z,2022-08-25T14:30:20Z,0,JavaScript,347,0,0
redis/redis,2009-03-21T22:32:25Z,2022-08-25T13:16:25Z,35,C,2945,5596,3896
adam-p/markdown-here,2012-05-13T03:27:22Z,2022-08-25T14:16:00Z,11,JavaScript,20,593,308
coder/code-server,2019-02-27T16:50:41Z,2022-08-25T14:18:06Z,80,TypeScript,1132,2983,2807
keras-team/keras,2015-03-28T00:35:42Z,2022-08-25T14:20:29Z,39,Python,2690,11421,11177
protocolbuffers/protobuf,2014-08-26T15:52:15Z,2022-08-25T12:40:40Z,104,C++,3878,5125,4367
josephmisiti/awesome-machine-learning,2014-07-15T19:11:19Z,2022-08-25T13:43:04Z,0,Python,744,75,74
Hack-with-Github/Awesome-Hacking,2016-03-30T15:47:10Z,2022-08-25T14:13:14Z,0,,25,0,0
h5bp/Front-end-Developer-Interview-Questions,2012-02-09T23:34:10Z,2022-08-25T13:07:36Z,0,Nunjucks,422,128,124
shadowsocks/shadowsocks-windows,2013-01-14T07:54:16Z,2022-08-25T14:22:24Z,55,C#,278,2804,2706
iptv-org/iptv,2018-11-14T22:00:57Z,2022-08-25T13:43:54Z,0,JavaScript,4424,2794,2325
home-assistant/core,2013-09-17T07:29:48Z,2022-08-25T14:21:17Z,975,Python,38563,31373,29970
ansible/ansible,2012-03-06T14:58:02Z,2022-08-25T14:37:38Z,0,Python,35518,30679,29980
lodash/lodash,2012-04-07T04:11:46Z,2022-08-25T12:33:12Z,2,JavaScript,573,4029,3763
kelseyhightower/nocode,2018-02-06T23:54:00Z,2022-08-25T14:24:42Z,1,Dockerfile,1,4344,571
gatsbyjs/gatsby,2015-05-21T22:43:05Z,2022-08-25T14:05:16Z,118,JavaScript,16940,13584,13502
chrislgarry/Apollo-11,2014-04-03T15:45:02Z,2022-08-25T14:00:02Z,0,Assembly,302,374,316
h5bp/html5-boilerplate,2010-01-24T18:03:24Z,2022-08-25T13:26:18Z,32,JavaScript,640,1274,1268
ElemeFE/element,2016-09-03T06:19:26Z,2022-08-25T13:54:07Z,140,Vue,3192,17178,15132
godotengine/godot,2014-01-04T16:05:36Z,2022-08-25T14:12:12Z,40,C++,22939,35109,28631
jaywcjlove/awesome-mac,2016-07-17T15:33:47Z,2022-08-25T14:06:15Z,5,JavaScript,668,326,243
apache/echarts,2013-04-03T03:18:59Z,2022-08-25T13:09:51Z,103,TypeScript,1065,16027,13915
leonardomso/33-js-concepts,2018-09-04T13:27:04Z,2022-08-25T13:30:52Z,0,JavaScript,138,42,32
rails/rails,2008-04-11T02:19:47Z,2022-08-25T14:23:52Z,79,Ruby,19975,15791,15430
scikit-learn/scikit-learn,2010-08-17T09:43:38Z,2022-08-25T14:36:17Z,29,Python,9480,9585,8048
awesomedata/awesome-public-datasets,2014-11-20T06:20:50Z,2022-08-25T13:17:32Z,0,,188,102,46
grafana/grafana,2013-12-11T15:59:56Z,2022-08-25T12:52:53Z,303,TypeScript,23113,25587,23233
enaqx/awesome-react,2014-08-06T05:31:44Z,2022-08-25T14:11:17Z,0,,764,88,70
Semantic-Org/Semantic-UI,2013-04-08T23:32:04Z,2022-08-25T14:22:24Z,153,JavaScript,351,6186,5242
nestjs/nest,2017-02-04T20:12:52Z,2022-08-25T14:37:50Z,74,TypeScript,4260,4317,4277
mermaid-js/mermaid,2014-11-01T23:52:32Z,2022-08-25T14:27:03Z,93,JavaScript,1174,1972,1209
azl397985856/leetcode,2018-03-30T09:13:51Z,2022-08-25T13:16:21Z,40,JavaScript,234,240,238
DopplerHQ/awesome-interview-questions,2015-11-28T09:48:17Z,2022-08-25T14:20:47Z,0,,175,30,29
tauri-apps/tauri,2019-07-13T09:09:37Z,2022-08-25T14:23:11Z,420,Rust,2495,1699,1497
spring-projects/spring-framework,2010-12-08T04:04:45Z,2022-08-25T14:28:46Z,234,Java,718,22361,21144
scutan90/DeepLearning-500-questions,2018-06-27T06:36:45Z,2022-08-25T14:20:47Z,0,JavaScript,302,179,80
tiangolo/fastapi,2018-12-08T08:21:47Z,2022-08-25T14:28:05Z,128,Python,941,3050,1945
necolas/normalize.css,2011-05-04T10:20:25Z,2022-08-25T14:30:50Z,0,CSS,56,490,453
psf/requests,2011-02-13T18:38:17Z,2022-08-25T14:27:54Z,4,Python,1455,3620,3438
remix-run/react-router,2014-05-16T22:22:51Z,2022-08-25T12:38:27Z,234,TypeScript,1485,6530,6447
ionic-team/ionic-framework,2013-08-20T23:06:02Z,2022-08-25T14:17:44Z,399,TypeScript,3712,20241,19700
apache/superset,2015-07-21T18:55:34Z,2022-08-25T14:28:04Z,90,TypeScript,9363,8398,7263
GrowingGit/GitHub-Chinese-Top-Charts,2019-09-05T03:01:56Z,2022-08-25T14:19:16Z,0,Java,0,231,147
sdmg15/Best-websites-a-programmer-should-visit,2017-03-05T20:25:17Z,2022-08-25T13:48:49Z,0,,345,77,58
TheAlgorithms/Java,2016-07-16T10:21:02Z,2022-08-25T13:10:18Z,0,Java,829,673,668
strapi/strapi,2015-09-30T15:34:48Z,2022-08-25T14:30:26Z,244,JavaScript,4995,6785,6482
python/cpython,2017-02-10T19:23:51Z,2022-08-25T14:29:53Z,0,Python,28826,60498,53680
lydiahallie/javascript-questions,2019-06-12T08:26:27Z,2022-08-25T13:56:34Z,0,,284,198,130
moment/moment,2011-03-01T02:46:06Z,2022-08-25T13:23:40Z,0,JavaScript,712,3989,3819
vitejs/vite,2020-04-21T05:03:57Z,2022-08-25T14:32:31Z,174,TypeScript,2440,4494,4038
Anduin2017/HowToCook,2020-02-29T10:43:49Z,2022-08-25T14:30:26Z,1,Shell,422,530,230
junegunn/fzf,2013-10-23T16:04:23Z,2022-08-25T14:03:32Z,18,Go,329,2185,1940
3b1b/manim,2015-03-22T18:50:58Z,2022-08-25T14:14:25Z,10,Python,513,986,650
tesseract-ocr/tesseract,2014-08-12T18:04:59Z,2022-08-25T11:30:59Z,22,C++,1282,2391,2039
google/material-design-icons,2014-10-08T18:01:28Z,2022-08-25T12:33:17Z,16,,40,1151,971
ReactiveX/RxJava,2013-01-08T20:11:48Z,2022-08-25T09:58:20Z,229,Java,3101,3096,3084
sindresorhus/awesome-nodejs,2014-07-11T13:35:34Z,2022-08-25T10:03:51Z,0,,391,95,95
syncthing/syncthing,2013-11-26T09:48:21Z,2022-08-25T12:51:11Z,308,Go,2201,4944,4616
jgthms/bulma,2016-01-23T23:48:34Z,2022-08-25T14:18:17Z,17,CSS,595,2421,2272
hoppscotch/hoppscotch,2019-08-21T13:15:24Z,2022-08-25T11:46:48Z,14,Vue,949,865,778
ageitgey/face_recognition,2017-03-03T21:52:39Z,2022-08-25T12:07:55Z,2,Python,94,1230,567
google/guava,2014-05-29T16:23:17Z,2022-08-25T12:05:18Z,35,Java,363,3382,2727
soimort/you-get,2012-08-20T15:53:36Z,2022-08-25T14:33:16Z,117,Python,558,0,0
jekyll/jekyll,2008-10-20T06:29:03Z,2022-08-25T12:40:59Z,103,Ruby,3021,4580,4493
anuraghazra/github-readme-stats,2020-07-09T10:34:22Z,2022-08-25T14:24:23Z,0,JavaScript,385,760,671
NARKOZ/hacker-scripts,2015-11-21T19:05:09Z,2022-08-25T11:16:24Z,0,JavaScript,63,73,38
scrapy/scrapy,2010-02-22T02:01:14Z,2022-08-25T10:55:44Z,27,Python,1819,2678,2163
prometheus/prometheus,2012-11-24T11:14:12Z,2022-08-25T12:36:32Z,225,Go,4811,4692,4200
prettier/prettier,2016-11-29T17:13:37Z,2022-08-25T14:11:05Z,85,JavaScript,6329,5651,4742
wasabeef/awesome-android-ui,2014-12-24T01:45:03Z,2022-08-25T12:45:17Z,0,,90,97,91
bradtraversy/design-resources-for-developers,2020-05-06T14:40:35Z,2022-08-25T14:34:39Z,0,,793,80,80
serverless/serverless,2015-04-21T03:48:40Z,2022-08-25T12:28:08Z,348,JavaScript,4288,5730,4832
git/git,2008-07-23T14:21:26Z,2022-08-25T14:05:19Z,0,C,3,0,0
localstack/localstack,2016-10-25T23:48:03Z,2022-08-25T14:05:28Z,55,Python,2590,3824,3521
MunGell/awesome-for-beginners,2015-10-24T19:53:36Z,2022-08-25T13:56:21Z,0,,329,101,93
juliangarnier/anime,2016-03-13T21:37:45Z,2022-08-25T12:38:05Z,14,JavaScript,72,652,483
meteor/meteor,2012-01-19T01:58:17Z,2022-08-25T13:20:00Z,0,JavaScript,1626,8765,8619
minimaxir/big-list-of-naughty-strings,2015-08-08T20:57:20Z,2022-08-25T07:41:23Z,0,Python,90,87,30
square/okhttp,2012-07-23T13:42:55Z,2022-08-25T12:38:05Z,0,Kotlin,2926,3699,3562
fighting41love/funNLP,2018-08-21T11:20:39Z,2022-08-25T09:49:12Z,0,Python,9,50,39
JetBrains/kotlin,2012-02-13T17:29:58Z,2022-08-25T14:38:12Z,189,Kotlin,1990,0,0
ziishaned/learn-regex,2017-07-22T12:21:03Z,2022-08-25T14:20:11Z,0,,124,83,34
caddyserver/caddy,2015-01-13T19:45:03Z,2022-08-25T13:03:08Z,96,Go,1405,3084,2993
Solido/awesome-flutter,2017-05-07T11:45:27Z,2022-08-25T13:55:36Z,0,Dart,414,0,0
prakhar1989/awesome-courses,2014-11-15T18:36:49Z,2022-08-25T14:26:58Z,0,,184,64,34
aymericdamien/TensorFlow-Examples,2015-11-11T14:21:19Z,2022-08-25T05:24:46Z,0,Jupyter Notebook,88,230,68
deepfakes/faceswap,2017-12-19T09:44:13Z,2022-08-25T14:38:06Z,3,Python,343,774,760
Developer-Y/cs-video-courses,2016-10-21T17:02:11Z,2022-08-25T14:25:14Z,0,,106,81,74
microsoft/playwright,2019-11-15T18:32:42Z,2022-08-25T14:21:20Z,81,TypeScript,8435,6595,5967
ColorlibHQ/AdminLTE,2013-12-25T02:52:40Z,2022-08-25T13:27:36Z,72,JavaScript,1132,2696,2647
android/architecture-samples,2016-02-05T13:42:07Z,2022-08-25T14:04:07Z,0,Kotlin,194,434,289
alacritty/alacritty,2016-02-18T05:02:30Z,2022-08-25T14:37:45Z,71,Rust,1456,4362,4060
danielmiessler/SecLists,2012-02-19T01:30:18Z,2022-08-25T14:33:30Z,17,PHP,449,197,173
babel/babel,2014-09-28T13:38:23Z,2022-08-25T14:37:23Z,313,TypeScript,4882,8232,7588
parcel-bundler/parcel,2017-08-07T16:36:47Z,2022-08-25T13:52:35Z,21,JavaScript,2009,4787,4109
nuxt/nuxt.js,2016-10-26T11:18:47Z,2022-08-25T12:21:37Z,150,JavaScript,2356,6788,6335
etcd-io/etcd,2013-07-06T21:57:21Z,2022-08-25T13:14:01Z,213,Go,6916,5896,5733
TryGhost/Ghost,2013-05-04T11:09:13Z,2022-08-25T12:56:41Z,553,JavaScript,6802,6396,6368
yarnpkg/yarn,2016-01-19T17:39:16Z,2022-08-25T10:36:00Z,150,JavaScript,1652,6412,4584
astaxie/build-web-application-with-golang,2012-08-02T11:49:35Z,2022-08-25T14:22:26Z,0,Go,757,289,181
gogs/gogs,2014-02-12T01:57:08Z,2022-08-25T14:03:13Z,74,Go,1443,4923,4134
ocornut/imgui,2014-07-21T14:29:47Z,2022-08-25T14:14:50Z,79,C++,290,4222,3569
obsproject/obs-studio,2013-10-01T02:40:31Z,2022-08-25T13:59:23Z,160,C,3037,2329,1814
DefinitelyTyped/DefinitelyTyped,2012-10-05T16:39:45Z,2022-08-25T13:58:23Z,1,TypeScript,44157,7763,7143
swisskyrepo/PayloadsAllTheThings,2016-10-18T07:29:07Z,2022-08-25T14:24:21Z,2,Python,372,0,0
square/retrofit,2010-09-06T21:39:43Z,2022-08-25T09:50:25Z,0,Java,764,2596,2457
microsoft/ML-For-Beginners,2021-03-03T01:34:05Z,2022-08-25T14:30:06Z,0,Jupyter Notebook,336,0,0
vsouza/awesome-ios,2014-07-10T16:03:45Z,2022-08-25T11:05:58Z,0,Swift,2163,449,448
binhnguyennus/awesome-scalability,2017-12-27T03:46:40Z,2022-08-25T14:26:12Z,0,,28,0,0
v2ray/v2ray-core,2015-09-04T11:42:53Z,2022-08-25T14:19:01Z,247,Go,202,2463,2435
JuliaLang/julia,2011-04-21T07:01:50Z,2022-08-25T14:11:24Z,125,Julia,19396,21836,18408
cypress-io/cypress,2015-03-04T00:46:28Z,2022-08-25T14:11:25Z,278,JavaScript,4450,11197,8467
iamkun/dayjs,2018-04-10T09:26:44Z,2022-08-25T14:04:08Z,111,JavaScript,631,1161,715
tldr-pages/tldr,2013-12-08T07:34:43Z,2022-08-25T14:29:58Z,2,Markdown,6544,951,798
facebook/jest,2013-12-10T00:18:04Z,2022-08-25T14:07:54Z,174,TypeScript,4745,6992,6054
mozilla/pdf.js,2011-04-26T06:32:03Z,2022-08-25T13:50:15Z,43,JavaScript,5838,8444,8085
karan/Projects,2013-07-04T13:37:27Z,2022-08-25T13:15:58Z,0,,19,70,32
fffaraz/awesome-cpp,2014-07-17T08:51:11Z,2022-08-25T14:31:39Z,0,,495,517,167
traefik/traefik,2015-09-13T19:04:02Z,2022-08-25T14:22:31Z,371,Go,3518,5076,4474
Textualize/rich,2019-11-10T15:28:09Z,2022-08-25T12:22:22Z,140,Python,606,886,816
k88hudson/git-flight-rules,2014-07-22T20:35:09Z,2022-08-25T13:15:50Z,0,,208,66,52
nwjs/nw.js,2012-01-04T06:21:10Z,2022-08-25T09:36:56Z,0,JavaScript,568,7101,6202
vercel/hyper,2016-07-01T06:01:21Z,2022-08-25T12:24:28Z,81,TypeScript,2520,3554,2753
ethereum/go-ethereum,2013-12-26T13:05:46Z,2022-08-25T14:25:34Z,162,Go,5579,6601,6345
x64dbg/x64dbg,2015-04-11T20:48:23Z,2022-08-25T03:43:06Z,3,C++,572,2163,1663
bailicangdu/vue2-elm,2016-12-23T01:49:20Z,2022-08-25T09:24:04Z,0,Vue,20,599,502
algorithm-visualizer/algorithm-visualizer,2016-05-15T00:27:45Z,2022-08-25T13:28:38Z,0,JavaScript,182,91,72
Dogfalo/materialize,2014-09-12T19:35:38Z,2022-08-25T13:23:45Z,41,JavaScript,449,5207,4584
justjavac/awesome-wechat-weapp,2016-09-22T20:04:48Z,2022-08-25T12:28:00Z,0,,269,0,0
ventoy/Ventoy,2020-03-10T15:19:19Z,2022-08-25T12:50:07Z,77,C,131,1417,1104
pi-hole/pi-hole,2014-06-08T15:02:55Z,2022-08-25T14:37:15Z,82,Shell,1472,2551,2521
Avik-Jain/100-Days-Of-ML-Code,2018-07-05T09:11:43Z,2022-08-25T11:47:25Z,0,,6,0,0
Alamofire/Alamofire,2014-07-31T05:56:19Z,2022-08-25T14:01:22Z,91,Swift,557,2641,2610
supabase/supabase,2019-10-12T05:56:49Z,2022-08-25T14:26:40Z,19,TypeScript,2623,1409,1197
apache/dubbo,2012-06-19T07:56:02Z,2022-08-25T13:58:38Z,54,Java,3397,5389,4957
ryanoasis/nerd-fonts,2014-12-05T04:31:17Z,2022-08-25T13:59:18Z,21,CSS,189,593,351
Unitech/pm2,2013-05-21T03:25:25Z,2022-08-25T14:14:18Z,118,JavaScript,530,4583,3969
Eugeny/tabby,2016-12-23T09:06:10Z,2022-08-25T14:37:04Z,162,TypeScript,1274,3537,2524
pixijs/pixijs,2013-01-21T22:40:50Z,2022-08-25T13:57:50Z,160,TypeScript,2423,4897,4808
styled-components/styled-components,2016-08-16T06:41:32Z,2022-08-25T14:14:04Z,118,TypeScript,841,2574,2468
facebook/docusaurus,2017-06-20T16:13:53Z,2022-08-25T13:36:01Z,121,TypeScript,4364,2344,2160
chinese-poetry/chinese-poetry,2016-09-02T03:32:25Z,2022-08-25T14:34:46Z,1,JavaScript,121,162,80
dcloudio/uni-app,2018-07-12T08:52:39Z,2022-08-25T12:02:29Z,0,JavaScript,203,3486,2482
impress/impress.js,2011-12-28T22:23:19Z,2022-08-24T20:37:45Z,15,JavaScript,107,458,407
sharkdp/bat,2018-04-21T10:52:23Z,2022-08-25T14:35:04Z,36,Rust,1004,1091,947
tiimgreen/github-cheat-sheet,2014-04-12T16:38:42Z,2022-08-25T14:28:56Z,0,,129,51,41
FreeCodeCampChina/freecodecamp.cn,2016-09-30T03:13:43Z,2022-08-25T09:37:14Z,0,CSS,55,585,445
FiloSottile/mkcert,2018-06-25T05:33:03Z,2022-08-25T14:06:05Z,14,Go,52,297,223
huginn/huginn,2013-03-10T06:00:31Z,2022-08-25T14:01:05Z,1,Ruby,923,1968,1418
Alvin9999/new-pac,2016-03-23T08:43:36Z,2022-08-25T14:17:31Z,0,,0,1245,951
discourse/discourse,2013-01-12T00:25:55Z,2022-08-25T07:01:46Z,0,Ruby,15324,0,0
CorentinJ/Real-Time-Voice-Cloning,2019-05-26T08:56:15Z,2022-08-25T14:24:09Z,0,Python,48,906,839
typescript-cheatsheets/react,2018-06-02T04:08:16Z,2022-08-25T14:32:57Z,0,JavaScript,290,169,167
GitSquared/edex-ui,2017-01-28T09:35:02Z,2022-08-25T12:55:35Z,29,JavaScript,399,559,553
fastlane/fastlane,2014-12-02T17:00:38Z,2022-08-25T07:09:00Z,525,Ruby,5935,12221,12081
commaai/openpilot,2016-11-24T01:33:30Z,2022-08-25T14:07:36Z,46,Python,4931,1751,1576
jakevdp/PythonDataScienceHandbook,2016-08-10T14:24:36Z,2022-08-25T14:11:31Z,0,Jupyter Notebook,28,161,66
PhilJay/MPAndroidChart,2014-04-25T14:29:47Z,2022-08-25T14:24:45Z,44,Java,190,4829,2861
Leaflet/Leaflet,2010-09-22T16:57:44Z,2022-08-25T14:30:12Z,26,JavaScript,2500,4882,4511
ngosang/trackerslist,2016-04-24T11:57:57Z,2022-08-25T14:38:39Z,0,,1,339,336
marktext/marktext,2017-11-12T16:05:25Z,2022-08-25T13:35:00Z,36,JavaScript,930,2371,1547
grpc/grpc,2014-12-08T18:58:53Z,2022-08-25T13:57:13Z,206,C++,16165,10353,9686
hexojs/hexo,2012-09-23T15:17:08Z,2022-08-25T10:58:45Z,106,JavaScript,790,3800,3727
isocpp/CppCoreGuidelines,2015-08-19T20:22:52Z,2022-08-25T13:54:53Z,4,Python,731,1011,817
vuetifyjs/vuetify,2016-09-12T00:39:35Z,2022-08-25T14:16:49Z,435,TypeScript,3066,11082,10058
pandas-dev/pandas,2010-08-24T01:37:33Z,2022-08-25T14:22:43Z,87,Python,19587,22901,19529
sherlock-project/sherlock,2018-12-24T14:30:48Z,2022-08-25T10:42:10Z,0,Python,430,661,583
yangshun/front-end-interview-handbook,2018-01-13T19:40:08Z,2022-08-25T14:08:03Z,0,JavaScript,216,83,66
Fndroid/clash_for_windows_pkg,2018-10-18T22:59:10Z,2022-08-25T14:22:38Z,172,,4,3083,2925
dypsilon/frontend-dev-bookmarks,2013-06-22T13:23:55Z,2022-08-25T14:29:54Z,1,,129,97,79
faif/python-patterns,2012-06-06T21:02:35Z,2022-08-25T10:17:00Z,0,Python,260,80,69
PowerShell/PowerShell,2016-01-13T23:41:35Z,2022-08-25T14:32:19Z,124,C#,5615,10373,7199
alex/what-happens-when,2013-11-07T04:30:06Z,2022-08-25T13:07:06Z,0,,108,112,20
kamranahmedse/design-patterns-for-humans,2017-02-16T21:24:39Z,2022-08-25T14:26:19Z,0,,47,52,44
minio/minio,2015-01-14T19:23:58Z,2022-08-25T14:36:29Z,353,Go,7477,6130,6116
nodejs/node-v0.x-archive,2009-05-27T16:29:46Z,2022-08-22T11:35:57Z,0,,218,6380,5845
d2l-ai/d2l-zh,2017-08-23T04:40:24Z,2022-08-25T14:23:37Z,15,Python,984,0,0
slatedocs/slate,2013-09-13T22:15:24Z,2022-08-25T08:30:07Z,27,SCSS,282,591,549
iperov/DeepFaceLab,2018-06-04T13:10:00Z,2022-08-25T14:37:50Z,2,Python,32,1179,739
rclone/rclone,2014-03-16T16:19:57Z,2022-08-25T13:31:05Z,85,Go,1323,4536,3813
php/php-src,2011-06-16T01:52:25Z,2022-08-25T11:29:57Z,0,C,1268,748,553
golang-standards/project-layout,2017-09-09T16:33:26Z,2022-08-25T14:08:28Z,0,Makefile,49,90,27
0voice/interview_internal_reference,2019-06-10T06:54:19Z,2022-08-25T12:52:04Z,0,Python,35,45,18
alvarotrigo/fullPage.js,2013-09-20T11:58:29Z,2022-08-25T14:26:45Z,79,JavaScript,286,3924,3767
NationalSecurityAgency/ghidra,2019-03-01T03:27:48Z,2022-08-25T14:16:25Z,22,Java,301,3308,2133
hashicorp/terraform,2014-03-13T22:25:48Z,2022-08-25T12:06:28Z,220,Go,10173,18916,17397
videojs/video.js,2010-05-14T18:45:10Z,2022-08-25T11:17:05Z,268,JavaScript,1530,4817,4493
apachecn/ailearning,2017-02-25T08:53:02Z,2022-08-25T14:02:37Z,2,Python,468,103,101
google/zx,2021-05-05T05:50:01Z,2022-08-25T13:54:48Z,52,JavaScript,95,264,255
apache/spark,2014-02-25T08:00:08Z,2022-08-25T12:58:02Z,0,Scala,5,0,0
adobe/brackets,2011-12-07T21:14:40Z,2022-08-25T03:12:46Z,69,JavaScript,4333,9687,7067
sahat/hackathon-starter,2013-11-13T17:24:12Z,2022-08-25T13:39:12Z,14,JavaScript,305,603,600
quilljs/quill,2012-07-30T23:23:18Z,2022-08-25T14:17:03Z,82,JavaScript,223,3073,1895
lerna/lerna,2015-12-04T09:36:55Z,2022-08-25T11:53:27Z,185,JavaScript,676,2278,1906
wagoodman/dive,2018-05-13T15:44:01Z,2022-08-25T14:37:07Z,24,Go,115,260,144
AFNetworking/AFNetworking,2011-05-31T21:28:44Z,2022-08-25T12:57:19Z,40,Objective-C,709,3137,3059
akullpp/awesome-java,2014-07-09T10:12:43Z,2022-08-25T13:58:47Z,0,,614,113,110
shadowsocks/shadowsocks,2012-04-20T13:10:49Z,2022-08-25T09:19:26Z,2,Python,70,0,0
Homebrew/brew,2016-03-06T05:08:38Z,2022-08-25T13:10:40Z,264,Ruby,8198,3623,3594
agalwood/Motrix,2018-12-18T11:45:05Z,2022-08-25T14:11:51Z,14,JavaScript,144,1037,483
airbnb/lottie-android,2016-10-06T22:42:42Z,2022-08-25T14:08:34Z,43,Java,552,1463,1435
floodsung/Deep-Learning-Papers-Reading-Roadmap,2016-10-14T11:49:48Z,2022-08-25T14:19:06Z,0,Python,28,49,4
koajs/koa,2013-07-20T18:53:45Z,2022-08-25T11:38:43Z,0,JavaScript,449,870,843
evanw/esbuild,2016-06-14T16:08:50Z,2022-08-25T12:57:50Z,191,Go,191,2155,1878
bumptech/glide,2013-07-08T22:52:33Z,2022-08-25T08:35:41Z,39,Java,407,4142,3758
RocketChat/Rocket.Chat,2015-05-19T07:36:09Z,2022-08-25T07:20:46Z,684,TypeScript,8952,14501,11664
exacity/deeplearningbook-chinese,2016-12-07T11:46:51Z,2022-08-25T09:54:17Z,7,TeX,16,197,137
BVLC/caffe,2013-09-12T18:39:48Z,2022-08-25T02:15:21Z,14,C++,1087,4781,3890
shadowsocks/shadowsocks-android,2012-12-16T13:40:29Z,2022-08-25T09:31:51Z,181,Kotlin,242,2406,2353
Kong/kong,2014-11-17T23:56:08Z,2022-08-25T14:33:24Z,122,Lua,3345,3920,3647
BurntSushi/ripgrep,2016-03-11T02:02:33Z,2022-08-25T14:35:01Z,66,Rust,437,1369,1248
wg/wrk,2012-03-20T11:12:28Z,2022-08-25T09:15:26Z,0,C,0,371,255
jgraph/drawio-desktop,2017-05-25T20:58:42Z,2022-08-25T13:22:11Z,98,Shell,17,933,781
ant-design/ant-design-pro,2017-08-25T10:40:44Z,2022-08-25T14:35:09Z,26,TypeScript,904,8638,8558
photonstorm/phaser,2013-04-12T12:27:51Z,2022-08-25T12:29:14Z,124,JavaScript,1502,3950,3788
preactjs/preact,2015-09-11T02:40:18Z,2022-08-25T13:37:26Z,173,JavaScript,1354,1548,1415
oven-sh/bun,2021-04-14T00:48:17Z,2022-08-25T14:39:02Z,53,Zig,261,692,355
gulpjs/gulp,2013-07-04T05:26:06Z,2022-08-25T08:40:01Z,22,JavaScript,395,1869,1843
zenorocha/clipboard.js,2015-09-18T23:04:55Z,2022-08-25T13:46:22Z,42,JavaScript,110,597,595
kelseyhightower/kubernetes-the-hard-way,2016-07-07T14:15:27Z,2022-08-25T13:25:50Z,0,,69,364,288
open-guides/og-aws,2016-07-13T17:30:16Z,2022-08-25T12:16:44Z,0,Shell,498,222,86
nolimits4web/swiper,2012-03-14T19:11:45Z,2022-08-25T14:28:18Z,24,JavaScript,507,4535,4313
immutable-js/immutable-js,2014-07-02T06:02:29Z,2022-08-25T09:27:43Z,62,TypeScript,445,1209,1115
vuejs/core,2018-06-12T13:49:36Z,2022-08-25T14:13:08Z,123,TypeScript,1757,3289,2827
pingcap/tidb,2015-09-06T04:01:52Z,2022-08-25T12:37:17Z,151,Go,20221,12507,9871
google/material-design-lite,2015-01-14T22:01:33Z,2022-08-25T05:25:13Z,14,HTML,655,2172,1809
excalidraw/excalidraw,2020-01-02T01:04:43Z,2022-08-25T14:00:58Z,4,TypeScript,2674,2019,1397
google-research/bert,2018-10-25T22:57:34Z,2022-08-25T14:21:32Z,0,Python,32,1113,347
brillout/awesome-react-components,2016-06-24T15:19:33Z,2022-08-25T14:32:05Z,0,,278,42,41
go-gitea/gitea,2016-11-01T02:13:26Z,2022-08-25T14:05:48Z,149,Go,9952,9468,7718
jondot/awesome-react-native,2015-03-26T19:58:06Z,2022-08-25T14:18:42Z,0,JavaScript,912,66,34
getsentry/sentry,2010-08-30T22:06:41Z,2022-08-25T12:38:03Z,92,Python,28875,5414,4974
serhii-londar/open-source-mac-os-apps,2017-11-03T02:35:33Z,2022-08-25T13:37:43Z,0,Swift,482,167,131
eugenp/tutorials,2013-04-29T18:26:36Z,2022-08-25T14:19:05Z,0,Java,8669,617,588
laurent22/joplin,2017-01-16T21:49:41Z,2022-08-25T13:10:06Z,266,TypeScript,1396,4727,4449
AobingJava/JavaFamily,2019-11-12T04:26:18Z,2022-08-25T14:08:10Z,0,,2,58,58
gorhill/uBlock,2015-04-01T17:51:11Z,2022-08-25T12:47:21Z,241,JavaScript,198,3451,3416
dylanaraps/pure-bash-bible,2018-06-13T01:39:33Z,2022-08-25T12:32:02Z,0,Shell,28,66,30
satwikkansal/wtfpython,2017-08-28T20:22:19Z,2022-08-25T13:36:31Z,2,Python,91,169,118
NervJS/taro,2018-04-08T09:32:26Z,2022-08-25T12:38:09Z,130,TypeScript,2249,8902,8083
google/styleguide,2015-05-20T19:18:59Z,2022-08-25T14:26:17Z,0,HTML,140,296,112
streamich/react-use,2018-10-27T10:16:05Z,2022-08-25T14:33:45Z,249,TypeScript,1470,499,220
nlohmann/json,2013-07-04T08:47:49Z,2022-08-25T14:32:45Z,43,C++,630,2030,2007
2dust/v2rayN,2019-07-30T03:47:24Z,2022-08-25T14:20:45Z,125,C#,57,2282,2260
dkhamsing/open-source-ios-apps,2015-01-26T23:32:34Z,2022-08-25T13:31:21Z,37,,706,240,239
nativefier/nativefier,2015-07-05T05:56:42Z,2022-08-25T14:36:05Z,91,TypeScript,250,1135,947
skylot/jadx,2013-03-18T17:08:21Z,2022-08-25T14:37:36Z,25,Java,350,1238,991
XX-net/XX-Net,2015-01-15T09:35:51Z,2022-08-25T12:46:26Z,330,Python,359,13052,5229
FFmpeg/FFmpeg,2011-04-14T14:12:38Z,2022-08-25T13:13:13Z,11,C,16,0,0
geekxh/hello-algorithm,2020-05-29T05:47:09Z,2022-08-25T13:51:30Z,0,Java,25,38,32
Blankj/AndroidUtilCode,2016-07-30T18:18:32Z,2022-08-25T06:54:02Z,116,Java,85,1468,1258
poteto/hiring-without-whiteboards,2017-03-15T05:09:01Z,2022-08-25T14:38:17Z,0,JavaScript,1103,0,0
istio/istio,2016-11-18T23:57:21Z,2022-08-25T14:22:11Z,259,Go,18874,16265,15808
xitu/gold-miner,2015-11-04T03:29:13Z,2022-08-25T03:41:46Z,0,,3502,5487,5482
SheetJS/sheetjs,2012-12-03T19:25:52Z,2022-08-25T14:13:22Z,0,JavaScript,109,2349,2228
formulahendry/955.WLB,2019-03-27T23:53:37Z,2022-08-25T11:23:40Z,0,,16,238,69
tabler/tabler,2018-02-01T09:08:59Z,2022-08-25T14:37:39Z,33,HTML,281,587,519
blueimp/jQuery-File-Upload,2010-12-01T15:35:32Z,2022-08-25T03:13:50Z,0,PHP,119,3307,3258
carbon-app/carbon,2017-06-16T02:50:28Z,2022-08-25T14:08:19Z,215,JavaScript,629,608,588
jaredpalmer/formik,2017-06-14T19:50:59Z,2022-08-25T13:03:49Z,170,TypeScript,743,2096,1491
iina/iina,2016-12-19T07:18:45Z,2022-08-25T13:10:22Z,39,Swift,412,3116,1792
Trinea/android-open-project,2014-01-05T15:20:15Z,2022-08-25T09:34:30Z,0,,201,80,68
jgraph/drawio,2016-09-06T12:59:15Z,2022-08-25T13:04:40Z,687,JavaScript,32,2562,2270
youngyangyang04/leetcode-master,2019-12-14T12:05:42Z,2022-08-25T14:24:59Z,0,,1345,122,39
unknwon/the-way-to-go_ZH_CN,2013-03-24T17:18:38Z,2022-08-25T11:21:09Z,0,Go,592,0,0
microsoft/monaco-editor,2016-06-07T16:56:31Z,2022-08-25T12:25:48Z,0,JavaScript,193,2909,2209
bilibili/ijkplayer,2013-06-03T04:12:04Z,2022-08-25T08:29:46Z,0,C,35,5213,2507
yt-dlp/yt-dlp,2020-10-26T04:22:55Z,2022-08-25T14:37:18Z,61,Python,963,3326,2691
GokuMohandas/Made-With-ML,2018-11-05T03:44:27Z,2022-08-25T14:26:21Z,0,Jupyter Notebook,140,38,37
testerSunshine/12306,2017-05-17T12:23:40Z,2022-08-25T12:28:08Z,1,Python,31,674,465
jeecgboot/jeecg-boot,2018-11-26T10:40:00Z,2022-08-25T12:37:37Z,21,Java,12,3319,3299
romkatv/powerlevel10k,2019-02-24T19:09:45Z,2022-08-25T14:30:07Z,29,Shell,112,1824,1801
shadowsocks/ShadowsocksX-NG,2016-06-10T11:49:00Z,2022-08-25T09:19:42Z,26,Swift,60,1287,1028
Dreamacro/clash,2018-06-10T14:28:14Z,2022-08-25T14:28:41Z,45,Go,240,1539,1474
google/leveldb,2014-08-27T21:17:52Z,2022-08-25T14:27:06Z,21,C++,58,684,516
alibaba/arthas,2018-08-29T17:15:57Z,2022-08-25T11:47:51Z,44,Java,402,1568,1375
LeCoupa/awesome-cheatsheets,2017-11-09T02:47:15Z,2022-08-25T13:42:27Z,0,JavaScript,156,60,41
vlang/v,2019-02-08T02:57:06Z,2022-08-25T13:37:03Z,111,V,7396,6158,5526
react-hook-form/react-hook-form,2019-03-05T23:47:10Z,2022-08-25T14:33:24Z,473,TypeScript,1664,3307,3306
ultralytics/yolov5,2020-05-18T03:45:11Z,2022-08-25T13:57:53Z,9,Python,1579,6376,6092
chubin/cheat.sh,2017-05-07T21:40:56Z,2022-08-25T14:35:44Z,0,Python,122,212,121
gto76/python-cheatsheet,2018-01-25T04:16:53Z,2022-08-25T13:37:54Z,0,Python,13,45,37
zxing/zxing,2011-10-12T14:07:27Z,2022-08-25T14:23:56Z,28,Java,207,1167,1161
mastodon/mastodon,2016-02-22T15:01:25Z,2022-08-25T11:10:39Z,170,Ruby,10045,6904,4678
netty/netty,2010-11-09T09:22:21Z,2022-08-25T12:59:31Z,0,Java,2764,5889,5374
koalaman/shellcheck,2012-11-17T03:15:11Z,2022-08-25T13:04:08Z,27,Haskell,252,2231,1458
date-fns/date-fns,2014-10-06T10:24:22Z,2022-08-25T13:20:28Z,104,TypeScript,1021,1470,1136
cli/cli,2019-10-03T15:24:53Z,2022-08-25T14:37:10Z,113,Go,1434,2917,2547
nocodb/nocodb,2017-10-29T18:51:48Z,2022-08-25T14:32:25Z,67,TypeScript,931,1340,964
metabase/metabase,2015-02-02T19:25:47Z,2022-08-25T14:28:50Z,292,Clojure,11655,11623,9520
freeCodeCamp/devdocs,2013-10-24T18:16:07Z,2022-08-25T14:19:14Z,0,Ruby,456,1017,906
TanStack/query,2019-09-10T19:23:58Z,2022-08-25T14:14:04Z,392,TypeScript,979,1016,993
vuejs/vue-cli,2015-12-26T23:11:20Z,2022-08-25T05:24:44Z,177,JavaScript,1256,5373,4514
go-gorm/gorm,2013-10-25T08:31:38Z,2022-08-25T12:39:24Z,2,Go,549,4619,4473
dotnet/aspnetcore,2014-03-11T06:09:42Z,2022-08-25T14:25:34Z,157,C#,11523,26566,24229
joshbuchea/HEAD,2016-04-20T20:05:37Z,2022-08-24T12:35:36Z,0,,86,87,73
foundation/foundation-sites,2011-10-13T23:05:42Z,2022-08-24T03:19:52Z,76,HTML,2950,8148,8126
bayandin/awesome-awesomeness,2014-07-08T05:44:19Z,2022-08-25T09:05:01Z,0,Ruby,197,62,51
jesseduffield/lazygit,2018-05-19T00:53:06Z,2022-08-25T13:21:26Z,136,Go,793,1109,768
certbot/certbot,2014-11-12T02:52:20Z,2022-08-25T07:20:14Z,32,Python,3480,5032,4493
typeorm/typeorm,2016-02-29T07:41:14Z,2022-08-25T14:12:38Z,19,TypeScript,1689,6963,5314
fxsjy/jieba,2012-09-29T07:52:01Z,2022-08-25T10:34:19Z,9,Python,96,807,212
lukehoban/es6features,2014-03-03T18:29:30Z,2022-08-25T13:01:21Z,0,,41,57,36
CSSEGISandData/COVID-19,2020-02-04T22:03:53Z,2022-08-25T05:11:10Z,0,,1699,3640,1993
ariya/phantomjs,2010-12-27T08:18:58Z,2022-08-25T14:20:39Z,0,C++,562,4742,4731
psf/black,2018-03-14T19:54:45Z,2022-08-25T10:30:56Z,21,Python,976,2020,1691
meilisearch/meilisearch,2018-04-23T11:45:28Z,2022-08-25T14:13:20Z,101,Rust,934,1065,1015
junegunn/vim-plug,2013-09-10T14:58:51Z,2022-08-25T11:32:22Z,5,Vim Script,163,947,851
rust-lang/rustlings,2015-09-15T02:25:18Z,2022-08-25T13:29:03Z,30,Rust,533,402,333
beego/beego,2012-02-29T02:32:08Z,2022-08-25T12:37:24Z,18,Go,1143,3207,3181
bregman-arie/devops-exercises,2019-10-03T17:31:21Z,2022-08-25T14:23:49Z,0,Python,167,57,45
react-boilerplate/react-boilerplate,2015-02-18T14:36:32Z,2022-08-25T11:42:06Z,16,JavaScript,715,1880,1822
topjohnwu/Magisk,2016-09-08T12:42:53Z,2022-08-25T14:38:55Z,126,C++,1083,4429,4401
iamadamdev/bypass-paywalls-chrome,2018-04-07T20:33:19Z,2022-08-25T13:43:27Z,32,JavaScript,127,997,997
sorrycc/awesome-javascript,2014-07-01T15:59:02Z,2022-08-25T14:27:19Z,0,,359,80,78
mitmproxy/mitmproxy,2010-02-16T04:10:13Z,2022-08-25T11:20:45Z,46,Python,1902,2892,2652
pyenv/pyenv,2012-08-31T06:57:52Z,2022-08-25T12:52:21Z,59,Roff,672,1497,1463
openai/gym,2016-04-27T14:59:16Z,2022-08-25T11:55:07Z,16,Python,967,1643,1628
chakra-ui/chakra-ui,2019-08-17T14:27:54Z,2022-08-25T12:53:44Z,2352,TypeScript,1938,2750,2691
spf13/cobra,2013-09-03T20:40:26Z,2022-08-25T14:36:34Z,17,Go,473,924,822
vim/vim,2015-08-18T21:03:56Z,2022-08-25T14:38:41Z,0,Vim Script,3,6520,5357
QSCTech/zju-icicles,2016-06-28T16:17:32Z,2022-08-25T13:36:28Z,0,HTML,164,53,44
mathiasbynens/dotfiles,2011-09-05T18:07:54Z,2022-08-25T13:29:41Z,0,Shell,44,372,238
starship/starship,2019-04-02T03:23:12Z,2022-08-25T14:29:19Z,112,Rust,1964,1551,1194
markedjs/marked,2011-07-24T13:15:51Z,2022-08-25T13:45:35Z,75,JavaScript,865,1258,1208
alibaba/p3c,2017-06-23T06:15:51Z,2022-08-25T10:13:54Z,0,Kotlin,62,794,690
rust-unofficial/awesome-rust,2014-07-17T10:45:10Z,2022-08-25T13:55:51Z,0,Rust,1059,109,100
rapid7/metasploit-framework,2011-08-30T06:13:20Z,2022-08-25T14:35:21Z,0,Ruby,9328,5243,4752
dbeaver/dbeaver,2015-10-21T08:26:28Z,2022-08-25T14:29:52Z,158,Java,2739,13143,11623
shengxinjing/programmer-job-blacklist,2016-06-25T06:09:10Z,2022-08-25T05:55:31Z,0,Shell,16,326,178
rustdesk/rustdesk,2020-09-28T15:36:08Z,2022-08-25T13:53:32Z,8,Rust,307,746,453
ityouknow/spring-boot-examples,2016-11-05T05:32:33Z,2022-08-25T07:53:53Z,0,Java,7,105,97
tastejs/todomvc,2011-06-03T19:56:33Z,2022-08-25T10:28:09Z,5,JavaScript,719,761,629
jashkenas/backbone,2010-09-30T19:41:28Z,2022-08-25T13:38:28Z,0,JavaScript,858,2395,2350
mqyqingfeng/Blog,2017-03-13T10:04:33Z,2022-08-25T11:38:12Z,0,,3,300,95
codepath/android_guides,2013-06-19T10:24:45Z,2022-08-25T08:35:23Z,0,,10,372,217
acmesh-official/acme.sh,2015-12-26T12:56:33Z,2022-08-25T13:18:43Z,37,Shell,1158,2484,1734
hasura/graphql-engine,2018-06-18T07:57:36Z,2022-08-25T14:23:41Z,150,TypeScript,2109,5030,3295
atlassian/react-beautiful-dnd,2017-08-09T03:37:15Z,2022-08-25T14:34:33Z,67,JavaScript,521,1493,1002
square/leakcanary,2015-04-29T23:54:16Z,2022-08-25T13:30:06Z,30,Kotlin,828,1436,1363
aosabook/500lines,2013-11-04T02:02:53Z,2022-08-25T13:39:14Z,0,JavaScript,175,69,39
vuejs/vuex,2015-07-16T04:21:26Z,2022-08-25T09:20:06Z,51,JavaScript,653,1240,1154
laravel/framework,2013-01-10T21:27:28Z,2022-08-25T13:52:13Z,548,PHP,12791,16362,16360
caolan/async,2010-06-01T21:01:30Z,2022-08-25T08:56:21Z,7,JavaScript,478,1102,1097
kenwheeler/slick,2014-03-24T02:10:05Z,2022-08-25T08:32:57Z,48,JavaScript,236,3516,2377
ReactiveX/rxjs,2015-03-15T06:17:10Z,2022-08-25T12:15:07Z,0,TypeScript,2434,3040,2837
amix/vimrc,2012-05-29T16:19:29Z,2022-08-24T20:04:00Z,0,Vim Script,89,484,456
denysdovhan/wtfjs,2017-07-14T15:42:12Z,2022-08-25T13:35:49Z,24,JavaScript,111,101,94
typicode/husky,2014-06-23T12:14:21Z,2022-08-25T13:50:55Z,58,JavaScript,189,851,834
standard/standard,2015-01-27T01:23:31Z,2022-08-25T08:01:00Z,4,JavaScript,399,1181,1106
symfony/symfony,2010-01-04T14:21:21Z,2022-08-25T14:33:37Z,375,PHP,18858,17631,17164
naptha/tesseract.js,2015-06-24T02:49:52Z,2022-08-25T10:33:10Z,34,JavaScript,94,503,429
google/googletest,2015-07-28T15:07:53Z,2022-08-25T13:55:20Z,5,C++,731,1983,1757
airbnb/lottie-web,2015-02-20T21:02:59Z,2022-08-25T12:42:32Z,0,JavaScript,111,2634,1807
Homebrew/legacy-homebrew,2009-05-20T19:38:37Z,2022-08-25T08:54:21Z,0,,222,17034,17034
aria2/aria2,2010-11-27T09:41:48Z,2022-08-25T10:14:18Z,23,C++,206,1651,753
elsewhencode/project-guidelines,2017-06-30T10:17:55Z,2022-08-25T08:28:28Z,0,JavaScript,112,37,28
apolloconfig/apollo,2016-03-04T10:24:23Z,2022-08-25T12:37:50Z,37,Java,1228,2857,2729
ziadoz/awesome-php,2013-11-26T03:14:19Z,2022-08-25T12:00:00Z,0,,386,122,120
apache/airflow,2015-04-13T18:04:58Z,2022-08-25T09:51:47Z,52,Python,13083,5998,5297
lib-pku/libpku,2018-11-22T13:33:06Z,2022-08-25T12:06:49Z,0,TeX,22,38,30
nektos/act,2019-01-02T19:53:43Z,2022-08-25T14:27:03Z,39,Go,474,713,641
docker/compose,2013-12-09T11:40:58Z,2022-08-25T14:13:45Z,176,Go,2363,6403,6036
Asabeneh/30-Days-Of-JavaScript,2019-12-23T14:07:40Z,2022-08-25T14:30:54Z,0,JavaScript,66,58,40
composer/composer,2011-06-08T08:53:00Z,2022-08-25T11:25:29Z,166,PHP,2543,7156,7054
0xAX/linux-insides,2015-01-03T18:44:57Z,2022-08-25T10:32:33Z,0,Python,569,175,152
raywenderlich/swift-algorithm-club,2016-01-26T17:56:12Z,2022-08-25T06:57:36Z,0,Swift,608,210,181
crossoverJie/JCSprout,2017-12-17T09:06:50Z,2022-08-25T12:54:58Z,0,Java,69,89,59
webtorrent/webtorrent,2013-10-15T08:16:40Z,2022-08-25T11:02:41Z,74,JavaScript,585,1525,1417
hankcs/HanLP,2014-10-09T06:36:16Z,2022-08-25T14:20:28Z,56,Python,71,1344,1341
sequelize/sequelize,2010-07-22T07:11:11Z,2022-08-25T14:22:40Z,412,JavaScript,3426,9811,9033
postcss/postcss,2013-09-24T23:06:48Z,2022-08-25T08:56:56Z,228,TypeScript,682,884,872
niklasvh/html2canvas,2011-07-16T01:05:58Z,2022-08-25T10:59:45Z,45,TypeScript,186,2394,1629
fzaninotto/Faker,2011-10-14T22:49:02Z,2022-08-25T02:41:31Z,12,PHP,824,570,494
jashkenas/underscore,2009-10-25T18:31:06Z,2022-08-24T07:28:23Z,0,JavaScript,736,1404,1375
bannedbook/fanqiang,2015-01-14T00:34:25Z,2022-08-25T14:17:33Z,2,Kotlin,2,652,393
carbon-language/carbon-lang,2020-04-27T21:45:16Z,2022-08-25T14:03:37Z,0,C++,1224,415,266
Tencent/weui,2014-12-18T04:09:54Z,2022-08-25T12:23:49Z,34,HTML,184,654,613
houshanren/hangzhou_house_knowledge,2018-02-24T01:54:18Z,2022-08-25T02:13:37Z,0,CSS,6,0,0
xkcoding/spring-boot-demo,2017-11-10T06:27:29Z,2022-08-25T14:26:56Z,0,Java,15,144,71
layui/layui,2015-09-22T08:12:03Z,2022-08-25T12:38:23Z,60,JavaScript,111,588,580
halfrost/LeetCode-Go,2017-07-18T00:06:14Z,2022-08-25T13:58:16Z,4,Go,168,62,53
curl/curl,2010-03-18T22:32:22Z,2022-08-25T14:35:39Z,60,C,153,3436,3397
jgm/pandoc,2010-03-20T20:34:23Z,2022-08-25T13:43:09Z,112,Haskell,1335,6403,5629
IanLunn/Hover,2014-01-02T14:27:35Z,2022-08-25T11:10:14Z,10,CSS,22,104,83
VincentGarreau/particles.js,2014-09-06T14:29:47Z,2022-08-25T12:20:57Z,6,JavaScript,21,383,98
AppFlowy-IO/AppFlowy,2021-06-16T12:56:48Z,2022-08-25T14:27:44Z,10,Rust,421,362,163
geekcomputers/Python,2011-11-30T09:04:08Z,2022-08-25T14:30:34Z,0,Python,1066,275,100
herrbischoff/awesome-macos-command-line,2015-09-22T19:37:55Z,2022-08-25T05:24:43Z,0,,104,0,0
ZuzooVn/machine-learning-for-software-engineers,2016-10-09T21:20:25Z,2022-08-25T13:26:50Z,0,,57,21,3
Advanced-Frontend/Daily-Interview-Question,2019-01-19T10:49:00Z,2022-08-25T12:10:01Z,0,JavaScript,15,549,295
donnemartin/interactive-coding-challenges,2015-04-28T21:36:39Z,2022-08-25T13:45:48Z,0,Python,176,63,31
trailofbits/algo,2016-05-15T03:42:48Z,2022-08-25T01:24:55Z,2,Jinja,500,1499,1385
odoo/odoo,2014-05-13T15:38:58Z,2022-08-25T14:20:41Z,0,JavaScript,6149,15300,12816
tmux/tmux,2015-06-03T23:32:55Z,2022-08-25T14:36:05Z,34,C,1,2808,2796
alibaba/druid,2011-11-03T05:12:51Z,2022-08-25T09:31:57Z,44,Java,961,3644,1349
goabstract/Awesome-Design-Tools,2019-02-12T13:55:30Z,2022-08-25T09:38:25Z,0,JavaScript,283,27,25
nvie/gitflow,2010-01-20T23:14:12Z,2022-08-24T17:20:09Z,0,Shell,36,357,124
danielgindi/Charts,2015-03-20T10:49:12Z,2022-08-25T13:16:21Z,35,Swift,394,4033,3258
fengdu78/Coursera-ML-AndrewNg-Notes,2017-11-04T10:04:08Z,2022-08-25T12:35:55Z,0,HTML,13,62,15
transloadit/uppy,2015-11-16T12:32:33Z,2022-08-25T06:16:38Z,36,JavaScript,1991,1862,1783
ruanyf/weekly,2018-10-13T12:36:07Z,2022-08-25T12:55:59Z,0,,52,2489,491
JakeWharton/butterknife,2013-03-05T08:18:59Z,2022-08-25T07:33:28Z,0,Java,346,1175,1078
mingrammer/diagrams,2020-02-02T15:23:24Z,2022-08-25T14:34:08Z,35,Python,191,381,155
rethinkdb/rethinkdb,2012-10-30T05:37:47Z,2022-08-25T07:20:53Z,70,C++,434,6355,5013
mobxjs/mobx,2015-03-14T14:31:38Z,2022-08-25T14:27:47Z,78,TypeScript,1005,1826,1814
angular/angular-cli,2015-06-04T19:49:37Z,2022-08-25T13:32:12Z,522,TypeScript,7599,13826,13618
harness/drone,2014-02-07T07:54:44Z,2022-08-25T14:07:44Z,21,Go,958,1762,1722
request/request,2011-01-23T01:25:14Z,2022-08-25T14:16:36Z,0,JavaScript,650,2228,2166
ccxt/ccxt,2017-05-14T15:41:56Z,2022-08-25T14:26:34Z,0,JavaScript,6277,7415,6910
huihut/interview,2018-02-09T09:49:48Z,2022-08-25T14:13:55Z,0,C++,33,51,40
microsoft/calculator,2019-01-28T17:55:49Z,2022-08-25T12:40:47Z,0,C++,749,892,623
cockroachdb/cockroach,2014-02-06T00:18:47Z,2022-08-25T13:07:51Z,0,Go,38201,43881,39034
github/fetch,2014-10-13T00:26:19Z,2022-08-25T14:00:03Z,38,JavaScript,146,601,576
SortableJS/Sortable,2013-12-19T10:10:13Z,2022-08-25T09:59:16Z,24,JavaScript,242,1641,1274
pcottle/learnGitBranching,2012-08-13T22:36:09Z,2022-08-25T11:13:43Z,0,JavaScript,494,415,399
select2/select2,2012-03-04T18:43:12Z,2022-08-24T19:12:56Z,29,JavaScript,688,4710,4652
cheeriojs/cheerio,2011-10-09T04:23:20Z,2022-08-25T09:07:23Z,57,TypeScript,1215,1092,1078
geekcompany/ResumeSample,2014-09-08T08:08:13Z,2022-08-25T08:06:24Z,0,,2,0,0
hashicorp/vault,2015-02-25T00:15:59Z,2022-08-25T13:34:20Z,62,Go,10075,5051,4163
Binaryify/NeteaseCloudMusicApi,2016-06-22T11:58:03Z,2022-08-25T12:26:00Z,159,JavaScript,234,1179,1109
facebookresearch/Detectron,2017-10-05T17:32:00Z,2022-08-25T10:03:23Z,0,Python,0,916,614
codemirror/codemirror5,2011-01-14T13:44:03Z,2022-08-25T09:58:54Z,163,JavaScript,574,4102,3725
Modernizr/Modernizr,2009-09-25T20:13:23Z,2022-08-24T13:36:12Z,25,JavaScript,786,1472,1308
hashicorp/consul,2013-11-04T22:15:27Z,2022-08-25T11:10:33Z,110,Go,7893,4907,3916
realpython/python-guide,2011-03-15T03:24:20Z,2022-08-25T13:20:22Z,0,Batchfile,680,262,173
qiurunze123/miaosha,2018-09-14T04:36:24Z,2022-08-25T13:53:48Z,0,Java,17,76,38
ianstormtaylor/slate,2016-06-18T01:52:42Z,2022-08-25T12:34:51Z,96,TypeScript,1594,2883,2374
proxyee-down-org/proxyee-down,2017-10-25T10:07:27Z,2022-08-25T13:47:05Z,49,Java,16,0,0
GoogleChrome/lighthouse,2016-03-08T01:03:11Z,2022-08-25T07:30:02Z,91,JavaScript,4438,8375,7860
PKUanonym/REKCARC-TSC-UHT,2019-04-05T03:31:23Z,2022-08-25T13:05:58Z,0,HTML,107,24,24
ClickHouse/ClickHouse,2016-06-02T08:28:18Z,2022-08-25T13:57:06Z,382,C++,22956,12717,10429
prisma/prisma,2019-06-20T13:33:47Z,2022-08-25T14:31:02Z,138,TypeScript,3089,6862,4695
firstcontributions/first-contributions,2016-09-20T14:35:09Z,2022-08-25T14:37:23Z,0,,43915,448,439
JedWatson/react-select,2014-08-26T04:27:45Z,2022-08-25T14:10:37Z,33,TypeScript,960,3321,3120
parallax/jsPDF,2009-12-06T14:56:32Z,2022-08-25T13:19:42Z,32,JavaScript,699,2254,2120
GitbookIO/gitbook,2014-03-31T03:01:56Z,2022-08-25T09:05:29Z,0,JavaScript,214,0,0
byoungd/English-level-up-tips,2017-05-30T07:18:52Z,2022-08-25T14:28:41Z,0,,23,71,54
alibaba/fastjson,2011-11-03T06:58:52Z,2022-08-25T09:29:50Z,84,Java,418,3408,1624
YMFE/yapi,2016-05-30T09:09:09Z,2022-08-25T13:39:38Z,1,JavaScript,140,2323,889
alibaba/easyexcel,2018-02-06T03:14:08Z,2022-08-25T13:59:08Z,1,Java,111,2361,2237
OAI/OpenAPI-Specification,2014-03-03T16:53:36Z,2022-08-25T14:12:51Z,10,JavaScript,717,1878,1391
ajaxorg/ace,2010-10-27T10:43:36Z,2022-08-25T10:38:42Z,16,JavaScript,1485,2840,2694
jobbole/awesome-python-cn,2015-11-03T09:50:50Z,2022-08-25T10:50:16Z,0,Makefile,51,24,16
CMU-Perceptual-Computing-Lab/openpose,2017-04-24T14:06:31Z,2022-08-25T13:46:52Z,15,C++,159,1807,1635
ageron/handson-ml,2016-02-16T19:48:39Z,2022-08-25T09:43:42Z,0,Jupyter Notebook,56,551,432
CamDavidsonPilon/Probabilistic-Programming-and-Bayesian-Methods-for-Hackers,2013-01-14T15:46:28Z,2022-08-25T11:25:55Z,0,Jupyter Notebook,240,236,88
lenve/vhr,2018-01-04T08:57:51Z,2022-08-25T13:56:47Z,0,Java,1,246,93
google-research/google-research,2018-10-04T18:42:48Z,2022-08-25T14:21:13Z,0,Jupyter Notebook,28,843,256
fastify/fastify,2016-09-28T19:10:14Z,2022-08-25T14:34:39Z,231,JavaScript,2089,1507,1464
Automattic/mongoose,2010-04-06T21:39:05Z,2022-08-25T09:25:51Z,49,JavaScript,1912,9645,9345
nylas/nylas-mail,2014-10-16T18:29:12Z,2022-08-25T03:15:51Z,53,JavaScript,139,3420,2436
kubernetes/minikube,2016-04-15T22:38:35Z,2022-08-25T14:17:11Z,134,Go,5843,7814,7065
rstacruz/nprogress,2013-08-20T13:58:02Z,2022-08-25T13:22:33Z,7,JavaScript,34,146,49
alebcay/awesome-shell,2014-07-07T01:57:42Z,2022-08-25T13:28:49Z,0,,288,47,19
nagadomi/waifu2x,2015-05-17T07:29:15Z,2022-08-25T11:53:09Z,3,Lua,67,339,201
yunjey/pytorch-tutorial,2017-03-10T07:41:47Z,2022-08-25T13:16:15Z,0,Python,28,175,112
sqlmapproject/sqlmap,2012-06-26T09:52:15Z,2022-08-25T14:14:44Z,7,Python,139,4743,4693
SeleniumHQ/selenium,2013-01-14T21:40:56Z,2022-08-25T13:28:56Z,76,Java,1049,8315,8227
remy/nodemon,2010-10-03T12:50:52Z,2022-08-25T14:06:30Z,85,JavaScript,293,1557,1551
SDWebImage/SDWebImage,2009-09-21T17:39:19Z,2022-08-25T09:33:03Z,111,Objective-C,820,2128,2093
appwrite/appwrite,2019-04-08T16:36:25Z,2022-08-25T14:10:18Z,46,JavaScript,1482,1455,1174
sharkdp/fd,2017-05-09T21:27:10Z,2022-08-25T13:37:41Z,29,Rust,354,644,579
hashicorp/vagrant,2010-01-21T08:34:27Z,2022-08-25T07:49:28Z,1,Ruby,2507,9177,8542
ycm-core/YouCompleteMe,2012-04-16T03:12:14Z,2022-08-25T11:58:19Z,0,Python,716,3124,3115
n8n-io/n8n,2019-06-22T09:24:21Z,2022-08-25T14:28:13Z,0,TypeScript,2076,718,602
PaddlePaddle/PaddleOCR,2020-05-08T10:38:16Z,2022-08-25T11:09:37Z,6,Python,1839,5122,3771
dwmkerr/hacker-laws,2018-01-25T03:46:34Z,2022-08-25T11:29:06Z,1,Shell,165,195,69
bvaughn/react-virtualized,2015-11-03T00:48:07Z,2022-08-25T14:18:38Z,4,JavaScript,453,1134,715
wuyouzhuguli/SpringAll,2018-05-02T02:48:44Z,2022-08-25T14:14:00Z,0,Java,1,40,27
greenrobot/EventBus,2012-07-16T16:55:40Z,2022-08-25T06:38:56Z,7,Java,31,568,464
johnpapa/angular-styleguide,2014-07-29T00:07:51Z,2022-08-25T05:40:02Z,0,,331,424,361
explosion/spaCy,2014-07-03T15:15:40Z,2022-08-25T14:21:15Z,100,Python,2922,5201,5129
ggreer/the_silver_searcher,2011-11-19T19:50:47Z,2022-08-25T06:06:04Z,0,C,399,811,405
Light-City/CPlusPlusThings,2019-07-14T08:45:45Z,2022-08-25T14:39:34Z,0,C++,42,163,156
influxdata/influxdb,2013-09-26T14:31:10Z,2022-08-25T12:50:19Z,72,Go,9367,12542,11021
encode/django-rest-framework,2011-03-02T17:13:56Z,2022-08-25T12:59:02Z,14,Python,2721,3756,3658
iview/iview,2016-07-28T01:52:59Z,2022-08-25T09:52:23Z,85,Vue,526,5569,4464
cmderdev/cmder,2013-07-09T07:44:22Z,2022-08-25T11:44:04Z,30,C++,357,2156,2140
alibaba/canal,2013-01-13T10:59:52Z,2022-08-25T10:50:18Z,24,Java,396,3765,2931
terryum/awesome-deep-learning-papers,2016-06-03T06:48:30Z,2022-08-25T13:17:59Z,0,TeX,39,26,11
files-community/Files,2019-01-04T18:19:14Z,2022-08-25T14:23:54Z,67,C#,2824,6520,5865
pmndrs/react-spring,2018-03-07T15:39:32Z,2022-08-25T12:57:23Z,38,TypeScript,311,1101,1039
facebookresearch/fastText,2016-07-16T13:38:42Z,2022-08-25T11:08:36Z,4,HTML,12,1034,606
akveo/ngx-admin,2016-05-25T10:09:03Z,2022-08-25T12:38:37Z,18,TypeScript,334,1703,1313
viraptor/reverse-interview,2019-09-08T13:38:40Z,2022-08-25T13:21:55Z,0,,60,24,17
babysor/MockingBird,2021-08-07T03:53:39Z,2022-08-25T14:04:01Z,1,Python,55,646,344
powerline/fonts,2012-12-19T13:31:50Z,2022-08-25T10:35:07Z,1,Shell,72,240,93
scwang90/SmartRefreshLayout,2017-06-02T09:52:50Z,2022-08-24T08:00:22Z,10,Java,6,1444,1197
ibraheemdev/modern-unix,2021-01-12T00:50:14Z,2022-08-25T14:38:38Z,0,,9,62,10
mattermost/mattermost-server,2015-06-15T06:50:02Z,2022-08-25T12:58:09Z,322,Go,12241,6664,6146
dromara/hutool,2014-04-13T07:23:51Z,2022-08-25T13:45:32Z,119,Java,304,1929,1911
alibaba/nacos,2018-06-15T06:49:27Z,2022-08-25T11:27:58Z,47,Java,2003,6085,5655
vercel/swr,2019-10-28T18:16:01Z,2022-08-25T14:04:25Z,83,TypeScript,586,630,557
go-kit/kit,2015-02-03T00:01:19Z,2022-08-25T13:55:29Z,12,Go,473,552,517
hollischuang/toBeTopJavaer,2018-10-25T09:54:54Z,2022-08-25T12:55:25Z,0,Java,52,115,63
balena-io/etcher,2015-10-27T16:53:23Z,2022-08-25T05:24:29Z,157,TypeScript,1591,1931,1557
sickcodes/Docker-OSX,2020-06-04T11:01:37Z,2022-08-25T13:29:32Z,0,Shell,90,395,210
swc-project/swc,2017-12-22T11:40:14Z,2022-08-25T13:48:50Z,195,Rust,2924,2041,1770
jesseduffield/lazydocker,2019-05-18T08:53:50Z,2022-08-25T11:10:08Z,33,Go,124,215,133
labstack/echo,2015-03-01T17:43:01Z,2022-08-25T12:17:22Z,93,Go,468,1280,1227
cfenollosa/os-tutorial,2014-09-29T08:39:34Z,2022-08-25T13:41:49Z,0,C,11,155,95
donnemartin/data-science-ipython-notebooks,2015-01-23T19:38:29Z,2022-08-25T13:34:25Z,0,Python,31,32,21
immerjs/immer,2017-12-29T12:25:47Z,2022-08-25T11:34:23Z,96,JavaScript,294,577,551
dokku/dokku,2013-06-08T10:26:57Z,2022-08-25T14:15:00Z,227,Shell,2417,2421,2373
alibaba/spring-cloud-alibaba,2017-12-01T20:49:15Z,2022-08-25T11:05:05Z,28,Java,612,1809,1443
facebook/rocksdb,2012-11-30T06:16:18Z,2022-08-25T11:51:15Z,163,C++,580,2635,2171
jamiebuilds/the-super-tiny-compiler,2016-03-11T04:19:18Z,2022-08-25T12:36:15Z,0,JavaScript,20,0,0
tj/commander.js,2011-08-14T21:33:58Z,2022-08-25T14:35:01Z,69,JavaScript,586,909,904
mbeaudru/modern-js-cheatsheet,2017-09-18T14:56:00Z,2022-08-25T13:20:20Z,0,,82,47,39
halo-dev/halo,2018-03-21T12:56:52Z,2022-08-25T12:52:01Z,87,Java,642,1471,1305
httpie/httpie,2012-02-25T12:39:13Z,2022-08-25T14:35:07Z,44,Python,372,778,668
sudheerj/reactjs-interview-questions,2018-05-31T17:17:01Z,2022-08-25T14:15:17Z,0,JavaScript,102,58,53
yewstack/yew,2017-12-16T14:19:02Z,2022-08-25T12:38:27Z,30,Rust,1339,1055,968
type-challenges/type-challenges,2020-07-23T14:33:11Z,2022-08-25T13:49:28Z,0,TypeScript,373,14528,1232
sindresorhus/awesome-electron,2015-04-23T11:48:53Z,2022-08-25T13:59:07Z,0,,258,41,41
zsh-users/zsh-autosuggestions,2013-10-26T16:09:37Z,2022-08-25T14:02:14Z,0,Shell,104,516,410
pypa/pipenv,2017-01-20T00:44:02Z,2022-08-25T13:38:31Z,39,Python,1179,3737,3391
VundleVim/Vundle.vim,2010-10-17T23:17:53Z,2022-08-25T10:02:01Z,0,Vim Script,86,710,549
hammerjs/hammer.js,2012-03-02T12:58:28Z,2022-08-25T13:05:57Z,0,JavaScript,114,1033,759
pjreddie/darknet,2014-04-11T07:59:16Z,2022-08-25T14:12:52Z,0,C,10,2304,533
alibaba/flutter-go,2019-01-08T09:03:40Z,2022-08-25T12:37:38Z,4,Dart,158,0,0
CodeHubApp/CodeHub,2013-07-23T22:19:57Z,2022-08-25T01:24:03Z,4,C#,13,641,407
dmlc/xgboost,2014-02-06T17:28:03Z,2022-08-25T14:21:12Z,43,C++,3083,4510,4241
lovell/sharp,2013-08-19T20:24:24Z,2022-08-25T10:16:12Z,51,JavaScript,235,2989,2892
freefq/free,2020-06-07T02:48:33Z,2022-08-25T14:35:03Z,0,,0,407,132
CymChad/BaseRecyclerViewAdapterHelper,2016-04-10T07:40:11Z,2022-08-25T13:29:10Z,193,Java,191,3392,2886
airbnb/lottie-ios,2016-10-06T22:38:38Z,2022-08-25T10:33:53Z,48,Swift,489,1072,1016
gitlabhq/gitlabhq,2011-10-02T16:25:27Z,2022-08-25T14:01:24Z,0,Ruby,2227,0,0
facebook/folly,2012-06-01T20:49:04Z,2022-08-25T13:43:21Z,101,C++,4,954,624
lukasz-madon/awesome-remote-job,2015-01-02T00:31:34Z,2022-08-25T07:34:06Z,0,,528,46,40
apache/kafka,2011-08-15T18:06:16Z,2022-08-25T13:59:07Z,0,Java,5715,0,0
angular/components,2016-01-04T18:50:02Z,2022-08-25T08:37:52Z,312,TypeScript,10133,13316,11677
google/python-fire,2017-02-21T21:35:07Z,2022-08-25T14:06:08Z,8,Python,49,257,159
Netflix/Hystrix,2012-11-19T20:14:46Z,2022-08-25T01:20:04Z,79,Java,672,1021,681
stedolan/jq,2012-07-18T19:57:25Z,2022-08-25T13:35:18Z,9,C,225,1918,1284
doczjs/docz,2018-03-17T04:24:10Z,2022-08-25T10:05:01Z,127,TypeScript,364,1238,1129
StreisandEffect/streisand,2014-03-23T21:56:19Z,2022-08-24T16:30:58Z,0,Shell,527,1140,929
coreybutler/nvm-windows,2014-09-20T16:37:28Z,2022-08-25T13:12:48Z,17,Go,66,654,587
vuejs/devtools,2014-09-29T03:52:07Z,2022-08-25T08:09:53Z,76,TypeScript,247,1462,1067
kataras/iris,2016-01-30T04:36:48Z,2022-08-25T14:18:55Z,24,Go,216,867,796
tqdm/tqdm,2015-06-03T13:13:14Z,2022-08-25T13:47:30Z,118,Python,268,844,554
react-native-elements/react-native-elements,2016-09-08T14:21:41Z,2022-08-25T13:25:17Z,82,TypeScript,1137,1978,1944
signalapp/Signal-Android,2011-12-15T20:01:12Z,2022-08-25T13:20:59Z,0,Java,238,9734,9505
Kong/insomnia,2016-04-23T03:54:26Z,2022-08-25T14:31:22Z,270,JavaScript,1578,2674,2224
portainer/portainer,2016-05-19T20:15:28Z,2022-08-25T13:10:22Z,95,Go,2671,4317,3519
seata/seata,2018-12-28T08:37:22Z,2022-08-25T13:06:27Z,33,Java,1523,2783,2149
coolsnowwolf/lede,2017-09-06T07:39:03Z,2022-08-25T13:45:16Z,3,C,1549,6898,6494
fastai/fastai,2017-09-09T17:43:36Z,2022-08-25T09:18:05Z,46,Jupyter Notebook,1596,1651,1546
beurtschipper/Depix,2020-12-06T12:39:08Z,2022-08-25T11:29:00Z,0,Python,14,0,0
nsqio/nsq,2012-05-12T14:37:08Z,2022-08-25T14:38:52Z,30,Go,652,612,560
heartcombo/devise,2009-09-16T12:15:12Z,2022-08-25T13:45:12Z,16,Ruby,750,4107,3961
AllThingsSmitty/css-protips,2015-08-29T12:29:03Z,2022-08-25T14:08:02Z,0,,49,51,48
floating-ui/floating-ui,2016-03-29T17:00:47Z,2022-08-25T14:33:33Z,235,TypeScript,622,918,901
veggiemonk/awesome-docker,2014-09-21T17:01:48Z,2022-08-25T12:58:44Z,1,,817,114,114
emscripten-core/emscripten,2011-02-12T05:23:30Z,2022-08-25T12:32:39Z,0,C,8297,7663,6576
ehang-io/nps,2018-11-04T13:22:51Z,2022-08-25T12:55:39Z,59,Go,74,1000,657
mdbootstrap/mdb-ui-kit,2014-08-18T11:54:00Z,2022-08-25T12:47:59Z,22,SCSS,193,1150,1138
swagger-api/swagger-ui,2011-07-15T22:56:39Z,2022-08-25T14:22:49Z,240,JavaScript,2230,4894,4119
sampotts/plyr,2015-02-14T11:33:07Z,2022-08-25T08:57:14Z,82,JavaScript,365,1892,1157
pure-css/pure,2013-04-22T16:16:39Z,2022-08-25T10:01:07Z,25,JavaScript,267,568,566
ReactiveX/RxSwift,2015-04-07T21:25:17Z,2022-08-25T14:12:06Z,71,Swift,748,1178,1172
digitalocean/nginxconfig.io,2018-01-05T14:21:14Z,2022-08-25T14:35:23Z,0,JavaScript,145,185,153
fabricjs/fabric.js,2010-06-09T22:24:38Z,2022-08-25T12:38:08Z,118,JavaScript,1674,5506,5283
helm/helm,2015-10-06T01:07:32Z,2022-08-25T13:54:17Z,161,Go,3316,6615,6326
syl20bnr/spacemacs,2012-12-17T21:34:03Z,2022-08-25T13:30:13Z,158,Emacs Lisp,1520,8231,7870
ageron/handson-ml2,2019-01-08T03:49:07Z,2022-08-25T14:18:50Z,0,Jupyter Notebook,63,466,290
littlecodersh/ItChat,2016-01-19T07:49:48Z,2022-08-25T08:10:06Z,13,Python,29,847,609
matteocrippa/awesome-swift,2014-07-10T14:04:09Z,2022-08-25T06:44:49Z,0,Ruby,1379,122,121
mongodb/mongo,2009-01-15T16:15:18Z,2022-08-25T11:05:43Z,0,C++,115,0,0
xuxueli/xxl-job,2015-11-28T12:59:34Z,2022-08-25T11:05:08Z,31,Java,96,2569,1698
reduxjs/react-redux,2015-07-11T17:32:01Z,2022-08-25T13:17:33Z,110,TypeScript,483,1183,1170
kahun/awesome-sysadmin,2014-02-09T22:39:20Z,2022-08-25T12:20:18Z,0,,183,98,26
qishibo/AnotherRedisDesktopManager,2019-01-08T06:01:56Z,2022-08-25T14:23:34Z,42,JavaScript,124,739,615
ramda/ramda,2013-06-21T20:32:35Z,2022-08-25T08:09:15Z,26,JavaScript,1275,1567,1454
balderdashy/sails,2012-03-18T19:46:15Z,2022-08-25T00:12:46Z,40,JavaScript,536,6321,5842
redux-saga/redux-saga,2015-11-29T16:58:12Z,2022-08-25T14:27:41Z,66,JavaScript,656,1452,1413
emberjs/ember.js,2011-05-25T23:39:40Z,2022-08-25T13:30:21Z,446,JavaScript,7783,6598,6239
slidevjs/slidev,2021-04-24T01:25:23Z,2022-08-25T13:46:44Z,193,TypeScript,162,428,327
android/architecture-components-samples,2017-05-09T21:09:14Z,2022-08-25T10:42:51Z,0,Kotlin,214,672,535
ovity/octotree,2014-05-09T18:15:20Z,2022-08-25T08:55:33Z,0,JavaScript,249,741,698
fouber/blog,2014-04-25T09:44:42Z,2022-08-25T02:06:42Z,0,,1,14,4
dimsemenov/PhotoSwipe,2011-04-07T05:46:29Z,2022-08-25T10:35:35Z,12,JavaScript,63,1726,1151
Wox-launcher/Wox,2013-12-19T15:49:32Z,2022-08-25T13:49:54Z,38,C#,285,3296,2402
matterport/Mask_RCNN,2017-10-19T20:28:34Z,2022-08-25T10:49:20Z,3,Python,65,2593,819
t4t5/sweetalert,2014-09-30T11:12:48Z,2022-08-25T10:59:39Z,13,TypeScript,84,702,548
rollup/rollup,2015-05-14T22:26:28Z,2022-08-25T14:00:51Z,339,JavaScript,1490,2849,2460
feathericons/feather,2014-05-28T19:49:55Z,2022-08-24T17:32:30Z,51,JavaScript,98,580,226
mbadolato/iTerm2-Color-Schemes,2011-04-01T04:01:46Z,2022-08-25T13:04:51Z,0,Shell,260,91,76
harvesthq/chosen,2011-04-18T15:07:41Z,2022-08-22T21:45:01Z,34,HTML,309,2367,2120
guzzle/guzzle,2011-02-28T02:44:05Z,2022-08-25T12:18:00Z,52,PHP,882,1764,1741
inconshreveable/ngrok,2013-03-20T09:37:43Z,2022-08-25T14:22:45Z,0,Go,34,790,535
vapor/vapor,2016-01-18T22:37:52Z,2022-08-25T13:32:12Z,458,Swift,1063,1508,1431
MostlyAdequate/mostly-adequate-guide,2015-05-06T01:44:15Z,2022-08-25T08:18:05Z,1,JavaScript,270,269,203
facebookresearch/detectron2,2019-09-05T21:30:20Z,2022-08-25T13:15:55Z,10,Python,0,3093,2863
openfaas/faas,2016-12-22T12:51:39Z,2022-08-25T12:47:42Z,152,Go,663,795,773
github/hub,2009-12-05T22:15:25Z,2022-08-25T13:12:53Z,60,Go,399,1986,1752
ryanhanwu/How-To-Ask-Questions-The-Smart-Way,2015-03-28T16:52:40Z,2022-08-25T13:22:49Z,0,JavaScript,87,25,17
facebook/draft-js,2016-02-19T20:18:26Z,2022-08-25T11:47:43Z,26,JavaScript,216,1759,971
gofiber/fiber,2020-01-16T03:59:20Z,2022-08-25T13:32:03Z,95,Go,977,926,902
haizlin/fe-interview,2019-04-17T03:05:58Z,2022-08-25T09:59:41Z,2,JavaScript,8,5120,22
coder2gwy/coder2gwy,2020-12-30T14:40:50Z,2022-08-25T09:01:18Z,0,,2,142,25
Tencent/wepy,2016-11-14T08:06:56Z,2022-08-25T04:03:07Z,8,JavaScript,465,2139,1790
photoprism/photoprism,2018-01-27T12:00:15Z,2022-08-25T13:28:43Z,44,Go,296,1532,1224
kilimchoi/engineering-blogs,2015-06-13T18:25:17Z,2022-08-25T02:10:13Z,0,Ruby,680,82,74
quasarframework/quasar,2015-10-05T15:45:36Z,2022-08-25T13:16:33Z,686,JavaScript,3194,6894,6549
Polymer/polymer,2012-08-23T20:56:30Z,2022-08-25T11:21:22Z,115,HTML,1071,3905,3865
TheAlgorithms/JavaScript,2017-07-13T06:12:33Z,2022-08-25T13:33:48Z,0,JavaScript,576,148,147
facebook/flow,2014-10-28T17:17:45Z,2022-08-25T11:35:08Z,256,OCaml,160,6581,4314
vercel/pkg,2016-08-08T19:41:59Z,2022-08-25T14:30:59Z,40,JavaScript,155,1287,1237
markerikson/react-redux-links,2016-01-22T02:10:28Z,2022-08-25T04:34:38Z,0,,62,38,22
ray-project/ray,2016-10-25T19:38:30Z,2022-08-25T12:24:50Z,59,Python,13688,11079,8648
datasciencemasters/go,2013-08-14T08:33:55Z,2022-08-25T09:04:54Z,0,,43,51,23
google/iosched,2014-04-01T22:40:40Z,2022-08-25T03:27:42Z,2,Kotlin,65,237,186
getredash/redash,2013-10-28T13:19:39Z,2022-08-25T13:58:28Z,98,Python,2662,2226,1739
mochajs/mocha,2011-03-07T18:44:25Z,2022-08-25T14:23:21Z,74,JavaScript,1159,2832,2590
solidjs/solid,2018-04-24T16:36:27Z,2022-08-25T14:28:58Z,30,TypeScript,228,519,493
zhongyang219/TrafficMonitor,2017-07-30T02:51:17Z,2022-08-25T14:32:43Z,22,C++,28,1195,543
react-navigation/react-navigation,2017-01-26T19:51:40Z,2022-08-25T14:31:08Z,1175,TypeScript,990,8711,8199
NativeScript/NativeScript,2015-03-01T09:47:08Z,2022-08-25T13:39:13Z,122,TypeScript,2923,6466,5564
SwiftyJSON/SwiftyJSON,2014-06-18T14:41:15Z,2022-08-25T09:35:36Z,21,Swift,215,688,573
dnSpy/dnSpy,2015-07-01T16:05:10Z,2022-08-25T14:04:25Z,1,C#,53,0,0
servo/servo,2012-02-08T19:07:25Z,2022-08-25T06:26:09Z,0,,14177,11639,8246
komeiji-satori/Dress,2018-02-11T03:49:29Z,2022-08-25T11:29:19Z,0,Standard ML,566,362,308
alpinejs/alpine,2019-11-28T13:51:55Z,2022-08-25T12:53:38Z,108,HTML,476,574,558
keon/algorithms,2016-11-17T22:32:08Z,2022-08-25T09:25:52Z,1,Python,422,156,97
docsifyjs/docsify,2016-11-20T07:55:43Z,2022-08-25T14:15:01Z,12,JavaScript,502,1098,923
usablica/intro.js,2013-03-10T15:12:45Z,2022-08-25T13:07:13Z,32,JavaScript,376,743,699
kriasoft/react-starter-kit,2014-04-16T13:08:18Z,2022-08-25T09:09:07Z,5,TypeScript,513,1175,1172
ApolloAuto/apollo,2017-07-04T19:03:31Z,2022-08-25T13:20:59Z,10,C++,9684,3671,2893
bilibili/flv.js,2016-05-12T08:34:31Z,2022-08-25T13:01:20Z,15,JavaScript,20,682,292
OWASP/CheatSheetSeries,2018-12-21T14:26:43Z,2022-08-25T09:57:53Z,0,Python,580,290,268
yuzu-emu/yuzu,2018-01-03T18:13:57Z,2022-08-25T13:25:52Z,0,C++,4878,2940,1946
github/copilot-docs,2021-10-23T16:07:04Z,2022-08-25T14:13:27Z,0,,9,0,0
qianguyihao/Web,2017-01-03T11:44:33Z,2022-08-25T12:54:05Z,0,,0,172,133
dotnet-architecture/eShopOnContainers,2016-10-05T22:35:23Z,2022-08-25T13:36:12Z,10,C#,494,1157,1127
Pierian-Data/Complete-Python-3-Bootcamp,2018-02-12T19:30:10Z,2022-08-25T11:41:26Z,0,Jupyter Notebook,12,275,190
eriklindernoren/ML-From-Scratch,2017-02-05T12:11:23Z,2022-08-25T04:34:46Z,0,Python,9,65,36
StevenBlack/hosts,2012-04-12T20:22:50Z,2022-08-25T11:20:34Z,455,Python,394,1444,1413
TencentARC/GFPGAN,2021-03-19T06:18:20Z,2022-08-25T14:36:18Z,6,Python,12,211,71
ShareX/ShareX,2013-10-08T23:32:10Z,2022-08-25T14:37:31Z,75,C#,696,5438,5087
google/gson,2015-03-19T18:21:20Z,2022-08-25T13:37:14Z,4,Java,364,1481,1164
bevacqua/dragula,2015-04-13T21:35:38Z,2022-08-25T12:43:27Z,0,JavaScript,57,510,406
numpy/numpy,2010-09-13T23:02:39Z,2022-08-25T14:24:44Z,89,Python,9087,10817,8798
nicolargo/glances,2011-12-04T08:49:15Z,2022-08-25T12:55:20Z,29,Python,438,1520,1297
AMAI-GmbH/AI-Expert-Roadmap,2020-10-24T21:49:40Z,2022-08-25T14:16:47Z,0,JavaScript,13,50,42
eugeneyan/applied-ml,2020-07-04T18:57:47Z,2022-08-25T09:38:59Z,0,,189,16,13
wangzheng0822/algo,2018-09-24T05:33:46Z,2022-08-25T08:34:41Z,0,Python,321,121,22
conwnet/github1s,2019-06-16T09:55:25Z,2022-08-25T03:06:33Z,28,TypeScript,230,187,135
sirupsen/logrus,2013-10-16T19:08:55Z,2022-08-25T11:44:51Z,14,Go,397,635,631
michalsnik/aos,2015-07-09T17:49:00Z,2022-08-25T14:13:08Z,0,JavaScript,38,626,348
eslint/eslint,2013-06-29T23:59:48Z,2022-08-25T11:21:52Z,273,JavaScript,5207,9195,9097
ipfs/ipfs,2014-02-11T07:28:24Z,2022-08-25T13:39:31Z,0,,126,210,204
chenglou/react-motion,2015-06-11T07:38:23Z,2022-08-25T08:27:53Z,4,JavaScript,144,394,248
statelyai/xstate,2015-09-14T15:04:15Z,2022-08-25T14:39:10Z,172,TypeScript,1135,1108,952
wsargent/docker-cheat-sheet,2014-08-05T20:04:20Z,2022-08-25T06:18:02Z,0,,134,27,22
python-poetry/poetry,2018-02-28T15:23:47Z,2022-08-25T13:50:51Z,113,Python,1216,4089,3176
react-bootstrap/react-bootstrap,2013-12-27T19:06:07Z,2022-08-25T14:01:05Z,44,TypeScript,2512,3331,3191
yeasy/docker_practice,2014-09-05T04:06:39Z,2022-08-25T14:37:21Z,15,Go,245,200,197
open-mmlab/mmdetection,2018-08-22T07:06:06Z,2022-08-25T13:49:05Z,35,Python,1817,6216,5650
jlmakes/scrollreveal,2014-01-16T17:37:20Z,2022-08-24T21:52:01Z,0,JavaScript,32,471,450
DIYgod/RSSHub,2018-04-02T14:43:21Z,2022-08-25T13:22:55Z,226,JavaScript,5434,3749,3473
HeroTransitions/Hero,2016-11-24T18:49:37Z,2022-08-25T06:42:21Z,37,Swift,114,588,565
paularmstrong/normalizr,2014-08-20T08:41:38Z,2022-08-25T13:38:11Z,26,JavaScript,98,0,0
pmndrs/zustand,2019-04-09T09:10:06Z,2022-08-25T12:27:18Z,55,TypeScript,334,503,480
viatsko/awesome-vscode,2016-02-07T23:02:45Z,2022-08-25T13:01:18Z,0,JavaScript,240,41,23
pugjs/pug,2010-06-23T01:05:42Z,2022-08-24T16:21:55Z,22,JavaScript,501,2526,2259
localForage/localForage,2013-10-31T00:10:06Z,2022-08-25T13:52:51Z,26,JavaScript,267,683,489
neoclide/coc.nvim,2018-05-01T22:39:02Z,2022-08-25T13:19:14Z,82,TypeScript,607,2816,2802
microsoft/cascadia-code,2019-07-10T22:50:20Z,2022-08-25T12:37:25Z,17,Python,71,540,451
googlehosts/hosts,2017-08-05T16:10:32Z,2022-08-25T13:22:07Z,0,,50,413,351
SerenityOS/serenity,2018-12-02T19:28:41Z,2022-08-25T14:01:12Z,0,C++,10512,3067,2561
k3s-io/k3s,2018-05-31T01:37:46Z,2022-08-25T14:03:07Z,424,Go,1955,3461,3135
sebastianruder/NLP-progress,2018-06-22T17:43:55Z,2022-08-25T08:03:45Z,3,Python,466,96,65
rwaldron/idiomatic.js,2011-05-25T17:48:59Z,2022-08-25T14:38:24Z,0,,114,80,48
ascoders/weekly,2017-03-20T06:10:04Z,2022-08-25T14:39:19Z,153,JavaScript,123,304,302
vuejs/vuepress,2018-04-05T16:58:38Z,2022-08-25T14:34:17Z,21,JavaScript,768,1869,1403
DesignPatternsPHP/DesignPatternsPHP,2011-08-22T05:24:31Z,2022-08-25T06:22:11Z,0,PHP,277,111,111
tornadoweb/tornado,2009-09-09T04:55:16Z,2022-08-25T06:39:13Z,0,Python,849,1731,1530
bradtraversy/50projects50days,2020-11-16T14:39:01Z,2022-08-25T14:26:38Z,0,CSS,32,0,0
wesbos/JavaScript30,2016-12-07T19:15:31Z,2022-08-25T14:14:33Z,0,HTML,145,0,0
uglide/RedisDesktopManager,2013-08-05T07:51:08Z,2022-08-25T12:36:08Z,86,C++,420,4524,4489
discordjs/discord.js,2015-08-10T13:36:26Z,2022-08-25T14:18:58Z,115,JavaScript,3513,3387,3318
elixir-lang/elixir,2011-01-09T08:43:57Z,2022-08-25T13:28:44Z,123,Elixir,6087,4771,4755
TheAlgorithms/C-Plus-Plus,2016-07-16T10:19:45Z,2022-08-25T14:36:48Z,0,C++,512,198,196
TeamNewPipe/NewPipe,2015-09-03T23:39:26Z,2022-08-25T14:36:42Z,121,Java,1281,6969,5872
DrKLO/Telegram,2013-10-25T14:08:10Z,2022-08-25T11:33:41Z,75,Java,20,0,0
ColorlibHQ/gentelella,2015-05-15T06:57:27Z,2022-08-25T08:56:14Z,7,HTML,161,639,609
zhiwehu/Python-programming-exercises,2012-06-14T07:56:46Z,2022-08-25T11:34:11Z,0,,0,71,11
appsmithorg/appsmith,2020-06-30T04:07:36Z,2022-08-25T13:02:52Z,124,TypeScript,5552,9355,6934
WerWolv/ImHex,2020-11-10T14:27:00Z,2022-08-25T14:10:51Z,40,C++,184,463,409
goldfire/howler.js,2013-01-28T16:47:12Z,2022-08-25T12:29:43Z,24,JavaScript,127,1320,1037
SwiftGGTeam/the-swift-programming-language-in-chinese,2014-06-03T04:44:09Z,2022-08-25T11:51:06Z,1,CSS,692,402,395
homebridge/homebridge,2014-12-01T16:37:39Z,2022-08-25T09:29:31Z,31,TypeScript,297,2803,2787
schollz/croc,2017-10-17T15:20:18Z,2022-08-25T13:42:32Z,135,Go,137,338,257
jaredhanson/passport,2011-10-08T22:38:32Z,2022-08-24T12:53:29Z,0,JavaScript,51,718,405
julycoding/The-Art-Of-Programming-By-July,2013-12-14T10:00:06Z,2022-08-25T06:41:06Z,0,C,254,133,83
GorvGoyl/Clone-Wars,2020-12-02T11:10:16Z,2022-08-25T10:22:00Z,0,,94,70,62
postcss/autoprefixer,2013-03-14T05:04:51Z,2022-08-25T12:38:20Z,187,JavaScript,266,1122,1089
rwightman/pytorch-image-models,2019-02-02T05:51:12Z,2022-08-25T11:59:39Z,35,Python,171,569,513
onevcat/Kingfisher,2015-04-06T14:26:21Z,2022-08-25T14:23:40Z,167,Swift,555,1228,1150
louislam/uptime-kuma,2021-07-03T01:02:42Z,2022-08-25T14:10:44Z,57,JavaScript,500,1347,699
streamlit/streamlit,2019-08-24T00:14:52Z,2022-08-25T13:22:57Z,42,Python,2128,2630,2023
git-tips/tips,2015-07-15T07:24:48Z,2022-08-25T10:53:32Z,0,JavaScript,138,33,17
Meituan-Dianping/mpvue,2018-03-07T03:09:25Z,2022-08-25T06:35:20Z,19,JavaScript,64,1687,1264
nushell/nushell,2019-05-10T16:59:42Z,2022-08-25T14:32:46Z,57,Rust,3332,2663,2250
libgdx/libgdx,2012-08-10T19:34:38Z,2022-08-25T13:04:26Z,9,Java,2440,3521,3341
marmelab/react-admin,2016-07-13T07:58:54Z,2022-08-25T13:45:43Z,248,TypeScript,3536,3829,3731
spf13/viper,2014-04-02T14:33:33Z,2022-08-25T13:31:05Z,19,Go,249,743,396
highlightjs/highlight.js,2011-01-01T23:47:21Z,2022-08-25T07:49:46Z,34,JavaScript,1289,1844,1791
deezer/spleeter,2019-09-26T15:40:46Z,2022-08-25T14:27:33Z,2,Python,46,681,538
FallibleInc/security-guide-for-developers,2016-06-08T15:56:25Z,2022-08-25T07:10:30Z,0,,26,12,4
Z4nzu/hackingtool,2020-04-11T09:21:31Z,2022-08-25T13:14:16Z,0,Python,25,223,154
datawhalechina/pumpkin-book,2018-12-22T05:05:24Z,2022-08-25T12:35:56Z,4,,45,66,49
envoyproxy/envoy,2016-08-08T15:07:24Z,2022-08-25T02:15:15Z,90,C++,12293,7831,6610
bitcoinbook/bitcoinbook,2013-08-11T23:18:28Z,2022-08-25T09:48:47Z,3,AsciiDoc,435,350,295
camsong/You-Dont-Need-jQuery,2015-11-21T16:02:26Z,2022-08-25T05:18:53Z,1,JavaScript,164,68,66
ruanyf/es6tutorial,2014-04-20T13:06:28Z,2022-08-24T16:15:24Z,0,JavaScript,359,544,544
lyswhut/lx-music-desktop,2019-08-14T14:31:08Z,2022-08-25T13:30:56Z,87,JavaScript,5,894,744
notable/notable,2018-12-22T13:57:19Z,2022-08-25T11:59:00Z,20,TypeScript,25,1531,891
necolas/react-native-web,2015-06-09T19:25:38Z,2022-08-25T13:04:53Z,20,JavaScript,53,1612,1532
zeromicro/go-zero,2020-08-07T15:37:57Z,2022-08-25T13:52:58Z,71,Go,1089,904,842
JohnCoates/Aerial,2015-10-26T21:21:31Z,2022-08-24T12:42:30Z,181,Swift,216,965,918
petkaantonov/bluebird,2013-09-07T19:39:57Z,2022-08-25T02:43:09Z,123,JavaScript,290,1138,1072
futurice/android-best-practices,2014-07-29T09:09:44Z,2022-08-24T11:28:09Z,0,,80,84,61
taichi-dev/taichi,2016-11-24T10:00:05Z,2022-08-25T12:36:58Z,104,C++,3542,1921,1392
WeNeedHome/SummaryOfLoanSuspension,2022-07-12T16:33:25Z,2022-08-25T12:34:26Z,0,HTML,260,0,0
vant-ui/vant,2017-04-19T07:55:31Z,2022-08-25T14:04:29Z,182,TypeScript,4188,6342,6312
mozilla/DeepSpeech,2016-06-02T15:04:53Z,2022-08-25T09:54:15Z,105,C++,1338,2068,1963
apache/skywalking,2015-11-07T03:30:36Z,2022-08-25T14:28:16Z,52,Java,3729,4371,4300
validatorjs/validator.js,2010-10-06T06:58:48Z,2022-08-25T11:35:02Z,9,JavaScript,649,927,786
apache/incubator-mxnet,2015-04-30T16:21:15Z,2022-08-25T14:07:38Z,34,C++,8821,9526,7742
tsenart/vegeta,2013-08-13T11:45:21Z,2022-08-25T12:57:26Z,63,Go,130,384,302
v8/v8,2014-09-24T15:24:30Z,2022-08-25T12:08:01Z,0,C++,0,0,0
electron-react-boilerplate/electron-react-boilerplate,2015-05-18T09:54:57Z,2022-08-25T14:02:54Z,58,TypeScript,771,1700,1657
gfwlist/gfwlist,2015-03-13T13:24:56Z,2022-08-25T12:49:49Z,0,,0,2244,1843
zyedidia/micro,2016-03-11T02:06:28Z,2022-08-25T14:31:18Z,33,Go,548,1795,1181
judasn/IntelliJ-IDEA-Tutorial,2015-08-17T15:25:52Z,2022-08-25T10:55:48Z,0,,39,75,75
ReactiveCocoa/ReactiveCocoa,2012-03-02T22:11:24Z,2022-08-25T11:59:51Z,83,Swift,1348,2002,2002
BradLarson/GPUImage,2012-02-13T15:20:02Z,2022-08-24T01:53:35Z,3,Objective-C,241,2212,1308
google/jax,2018-10-25T21:25:02Z,2022-08-25T14:36:40Z,40,Python,5991,3425,2586
codex-team/editor.js,2015-11-28T20:56:35Z,2022-08-25T14:09:52Z,31,TypeScript,677,1121,741
celery/celery,2009-04-24T11:31:24Z,2022-08-25T09:42:56Z,37,Python,1811,4731,4228
SamyPesse/How-to-Make-a-Computer-Operating-System,2013-11-29T17:36:32Z,2022-08-25T14:01:40Z,1,C,42,72,28
avajs/ava,2014-11-18T17:20:26Z,2022-08-25T12:11:56Z,88,JavaScript,993,1583,1495
enzymejs/enzyme,2015-11-10T21:45:38Z,2022-08-25T06:49:17Z,0,JavaScript,646,1758,1501
libuv/libuv,2013-11-30T00:29:56Z,2022-08-25T10:51:19Z,5,C,687,1483,1370
microsoft/api-guidelines,2016-07-12T20:01:24Z,2022-08-25T12:20:16Z,0,,134,168,88
Awesome-Windows/Awesome,2016-05-30T17:27:35Z,2022-08-25T13:41:10Z,0,,206,108,75
leereilly/games,2012-01-05T19:48:55Z,2022-08-25T13:46:21Z,0,,192,243,82
tmrts/go-patterns,2015-12-14T22:05:06Z,2022-08-25T12:25:55Z,0,Go,10,26,13
charlax/professional-programming,2015-11-07T05:07:52Z,2022-08-25T14:26:34Z,0,Python,27,12,12
pbatard/rufus,2011-11-19T19:12:05Z,2022-08-25T14:07:49Z,72,C,0,1834,1823
Seldaek/monolog,2011-02-17T02:07:15Z,2022-08-25T14:14:43Z,60,PHP,647,741,722
jhipster/generator-jhipster,2013-10-21T20:07:22Z,2022-08-25T13:46:49Z,24,JavaScript,11182,7080,6893
js-cookie/js-cookie,2015-03-19T15:57:47Z,2022-08-25T12:43:49Z,34,JavaScript,69,513,512
withfig/autocomplete,2020-09-29T02:21:06Z,2022-08-25T10:51:59Z,1031,TypeScript,932,378,232
Lightning-AI/lightning,2019-03-31T00:45:57Z,2022-08-25T13:45:23Z,100,Python,5690,5286,4842
nextcloud/server,2016-06-02T07:44:14Z,2022-08-25T13:33:52Z,62,PHP,15956,14348,12253
mpv-player/mpv,2012-10-13T08:08:44Z,2022-08-25T14:38:31Z,80,C,1281,7674,6876
facebookarchive/pop,2014-03-30T22:29:12Z,2022-08-24T11:53:56Z,3,Objective-C++,100,256,211
FredKSchott/snowpack,2019-02-26T15:45:38Z,2022-08-25T10:14:21Z,83,JavaScript,1203,878,533
rancher/rancher,2014-11-07T20:49:31Z,2022-08-25T13:53:44Z,889,Go,7375,29589,27536
lutzroeder/netron,2010-12-26T12:53:43Z,2022-08-25T09:26:46Z,1,JavaScript,1,832,811
mxgmn/WaveFunctionCollapse,2016-09-30T11:53:17Z,2022-08-25T13:23:49Z,1,C#,18,44,43
google/ExoPlayer,2014-06-13T21:19:18Z,2022-08-25T09:05:24Z,20,Java,533,9376,8758
zhaoolee/ChromeAppHeroes,2019-02-07T06:35:24Z,2022-08-25T11:21:06Z,0,JavaScript,7,44,30
alibaba/Sentinel,2018-04-04T06:37:33Z,2022-08-25T07:19:09Z,21,Java,434,1884,1443
parse-community/parse-server,2016-01-28T18:29:14Z,2022-08-25T11:50:03Z,170,JavaScript,3035,4190,3930
The-Run-Philosophy-Organization/run,2022-04-10T05:42:40Z,2022-08-25T14:23:28Z,0,,160,208,176
MustangYM/WeChatExtension-ForMac,2019-04-25T03:02:16Z,2022-08-25T09:07:34Z,48,Objective-C,45,1596,803
ReactiveX/RxAndroid,2014-08-19T03:46:38Z,2022-08-25T09:38:14Z,18,Java,171,343,341
nothings/stb,2014-05-25T16:51:23Z,2022-08-25T08:37:53Z,0,C,276,692,602
redisson/redisson,2014-01-11T14:06:25Z,2022-08-25T13:56:05Z,112,Java,302,4005,3703
felixrieseberg/windows95,2018-08-23T05:04:38Z,2022-08-25T14:15:35Z,13,TypeScript,19,223,105
Reactive-Extensions/RxJS,2012-01-07T00:31:41Z,2022-08-24T18:24:25Z,34,JavaScript,520,874,643
apache/flink,2014-06-07T07:00:10Z,2022-08-25T13:15:45Z,0,Java,6528,0,0
tipsy/profile-summary-for-github,2017-12-10T13:29:15Z,2022-08-25T06:50:49Z,0,Vue,25,74,61
jaywcjlove/linux-command,2016-11-12T15:44:26Z,2022-08-25T09:48:16Z,18,Markdown,221,120,73
hwdsl2/setup-ipsec-vpn,2016-01-07T16:44:12Z,2022-08-25T12:24:17Z,0,Shell,34,1103,1103
locustio/locust,2011-02-17T11:08:03Z,2022-08-25T12:45:05Z,80,Python,577,1347,1335
trekhleb/homemade-machine-learning,2018-11-01T04:34:19Z,2022-08-25T14:18:45Z,0,Jupyter Notebook,2,24,14
benweet/stackedit,2013-03-24T13:46:06Z,2022-08-25T13:46:33Z,13,JavaScript,35,1649,1002
telegramdesktop/tdesktop,2014-05-02T12:36:31Z,2022-08-25T14:26:16Z,583,C++,1032,11465,10695
OpenZeppelin/openzeppelin-contracts,2016-08-01T20:54:54Z,2022-08-25T14:26:39Z,67,JavaScript,1457,1434,1317
xi-editor/xi-editor,2016-04-26T23:03:23Z,2022-08-25T10:20:59Z,0,Rust,664,528,397
python-telegram-bot/python-telegram-bot,2015-07-07T15:30:39Z,2022-08-25T13:03:51Z,93,Python,946,1705,1683
forem/forem,2016-11-13T23:02:13Z,2022-08-25T13:00:55Z,0,Ruby,11450,4846,4367
remoteintech/remote-jobs,2015-10-13T03:49:25Z,2022-08-25T13:06:22Z,0,JavaScript,971,120,104
sdras/awesome-actions,2018-10-17T17:53:45Z,2022-08-25T12:37:33Z,0,,435,38,24
drduh/macOS-Security-and-Privacy-Guide,2015-08-31T03:36:35Z,2022-08-25T00:31:54Z,0,Python,138,242,230
robertdavidgraham/masscan,2013-07-28T05:35:33Z,2022-08-25T10:09:18Z,11,C,82,481,160
fish-shell/fish-shell,2012-05-10T03:00:55Z,2022-08-25T13:57:07Z,37,C++,1436,6402,5943
ruby/ruby,2010-02-27T15:55:23Z,2022-08-25T10:07:16Z,0,Ruby,2936,0,0
railsware/upterm,2015-03-22T07:00:24Z,2022-08-23T14:45:17Z,187,TypeScript,293,752,533
Homebrew/homebrew-cask,2012-03-05T02:05:17Z,2022-08-25T11:51:57Z,81,Ruby,101509,6085,6062
eligrey/FileSaver.js,2011-07-15T03:27:54Z,2022-08-25T11:45:02Z,14,JavaScript,66,612,462
jenkinsci/jenkins,2010-11-22T21:21:23Z,2022-08-25T11:18:52Z,201,Java,5238,0,0
afollestad/material-dialogs,2014-11-03T03:21:42Z,2022-08-24T15:43:32Z,92,Kotlin,179,0,0
winstonjs/winston,2010-12-29T18:49:51Z,2022-08-25T11:48:18Z,15,JavaScript,468,1337,941
yichengchen/clashX,2018-06-13T02:51:24Z,2022-08-25T13:57:13Z,26,Swift,32,0,0
dracula/dracula-theme,2013-10-27T12:39:02Z,2022-08-25T13:50:45Z,24,,84,539,468
lensapp/lens,2018-11-12T06:28:56Z,2022-08-25T13:42:29Z,186,TypeScript,2846,2783,1982
chubin/wttr.in,2015-12-26T21:03:43Z,2022-08-25T12:03:59Z,0,Python,246,500,298
Igglybuff/awesome-piracy,2018-10-09T22:09:56Z,2022-08-25T13:36:27Z,0,HTML,182,269,133
ChristosChristofidis/awesome-deep-learning,2015-01-02T19:28:35Z,2022-08-25T10:08:17Z,0,,160,17,14
segmentio/nightmare,2014-04-05T22:19:51Z,2022-08-24T18:23:33Z,1,JavaScript,251,1242,1065
bazelbuild/bazel,2014-06-12T16:00:38Z,2022-08-25T12:57:41Z,169,Java,254,10126,7730
geekan/HowToLiveLonger,2022-04-16T04:15:18Z,2022-08-25T13:48:58Z,0,,9,104,32
academic/awesome-datascience,2014-07-05T07:07:43Z,2022-08-25T14:11:32Z,0,,271,42,42
pmndrs/react-three-fiber,2019-02-25T14:31:51Z,2022-08-25T13:46:28Z,18,TypeScript,407,713,690
verekia/js-stack-from-scratch,2016-10-02T13:31:23Z,2022-08-25T10:17:39Z,1,JavaScript,55,157,118
palantir/blueprint,2016-10-25T21:17:50Z,2022-08-25T12:19:57Z,110,TypeScript,2274,2771,2127
osquery/osquery,2014-07-29T20:27:33Z,2022-08-25T13:16:15Z,120,C++,3980,3004,2502
openssl/openssl,2013-01-15T22:34:48Z,2022-08-25T12:16:00Z,0,C,111,7484,5876
norvig/pytudes,2017-03-01T05:43:35Z,2022-08-25T06:00:43Z,0,Jupyter Notebook,52,33,17
MLEveryday/100-Days-Of-ML-Code,2018-08-05T13:32:48Z,2022-08-25T12:36:24Z,0,Jupyter Notebook,46,50,40
rome/tools,2020-02-20T05:57:33Z,2022-08-25T14:23:38Z,30,Rust,1966,852,767
PostgREST/postgrest,2014-06-13T00:23:00Z,2022-08-25T08:06:54Z,44,Haskell,789,1308,1141
vnpy/vnpy,2015-03-02T03:36:58Z,2022-08-25T12:37:38Z,52,Python,982,1906,1894
davideuler/architecture.of.internet-product,2018-04-30T10:25:31Z,2022-08-25T11:13:26Z,0,HTML,1,11,3
pnpm/pnpm,2016-01-28T07:40:43Z,2022-08-25T14:10:21Z,772,TypeScript,1385,2609,1828
taosdata/TDengine,2019-07-11T08:33:48Z,2022-08-25T11:55:35Z,65,C,12263,2976,2535
go-delve/delve,2014-05-20T19:24:43Z,2022-08-25T12:47:28Z,21,Go,1329,1444,1342
hapijs/joi,2012-09-16T16:38:06Z,2022-08-25T14:16:07Z,0,JavaScript,407,2205,2081
jumpserver/jumpserver,2014-07-04T03:54:59Z,2022-08-25T11:21:00Z,140,Python,3753,4411,4321
TanStack/table,2016-10-20T17:25:08Z,2022-08-25T14:22:45Z,160,TypeScript,589,2112,2088
chalk/chalk,2013-08-03T00:20:12Z,2022-08-25T12:17:56Z,22,JavaScript,93,329,329
vadimdemedes/ink,2017-06-12T06:12:28Z,2022-08-25T13:56:11Z,43,TypeScript,165,285,217
Popmotion/popmotion,2014-08-17T16:23:07Z,2022-08-25T07:34:45Z,0,JavaScript,294,583,549
freqtrade/freqtrade,2017-05-17T23:48:53Z,2022-08-25T12:32:52Z,60,Python,3590,3178,3132
graphql/graphql-js,2015-06-30T12:16:50Z,2022-08-25T03:27:38Z,143,TypeScript,2193,1017,888
TeamStuQ/skill-map,2015-11-17T11:17:38Z,2022-08-25T10:20:57Z,2,HTML,42,85,17
ogham/exa,2014-05-22T12:45:16Z,2022-08-25T14:34:55Z,12,Rust,223,794,565
facebookresearch/fairseq,2017-08-29T16:26:12Z,2022-08-25T14:35:28Z,16,Python,120,3538,2896
ossrs/srs,2015-04-29T06:59:32Z,2022-08-25T10:20:34Z,47,C++,211,1108,912
didi/DoKit,2018-08-14T10:32:07Z,2022-08-25T08:41:57Z,10,Java,338,637,473
qier222/YesPlayMusic,2020-10-09T10:04:21Z,2022-08-25T13:52:30Z,23,Vue,238,1330,1057
firecracker-microvm/firecracker,2017-10-19T06:18:47Z,2022-08-25T12:35:26Z,53,Rust,1531,1259,1138
asim/go-micro,2015-01-13T23:30:18Z,2022-08-25T13:37:22Z,317,Go,1324,938,857
tobiasahlin/SpinKit,2013-12-12T23:29:41Z,2022-08-25T12:25:04Z,9,CSS,51,58,53
remix-run/remix,2020-10-26T19:57:28Z,2022-08-25T14:17:37Z,88,TypeScript,1294,1039,864
urfave/cli,2013-07-13T19:32:06Z,2022-08-25T11:25:37Z,54,Go,595,662,525
dapr/dapr,2019-06-19T00:49:06Z,2022-08-25T08:29:50Z,123,Go,2187,2334,2030
nikitavoloboev/my-mac-os,2016-03-04T12:26:34Z,2022-08-24T23:39:13Z,0,,16,74,71
n0shake/Public-APIs,2016-01-13T18:53:25Z,2022-08-25T06:17:47Z,0,,379,49,49
vuejs/vue-router,2013-12-11T19:37:46Z,2022-08-25T03:01:05Z,89,JavaScript,624,2781,2718
nostalgic-css/NES.css,2018-09-24T01:49:11Z,2022-08-25T10:17:28Z,7,SCSS,222,173,138
pytorch/examples,2016-08-24T03:12:48Z,2022-08-25T08:35:52Z,0,Python,327,541,403
SpaceVim/SpaceVim,2016-12-26T04:40:55Z,2022-08-25T14:00:20Z,21,Lua,2221,0,0
iawia002/lux,2018-02-24T11:29:03Z,2022-08-25T14:27:03Z,74,Go,244,850,474
jorgebucaran/hyperapp,2017-01-20T05:20:21Z,2022-08-25T05:40:12Z,26,JavaScript,279,578,573
goldbergyoni/javascript-testing-best-practices,2019-07-04T11:08:12Z,2022-08-25T13:59:11Z,0,JavaScript,118,50,14
ftlabs/fastclick,2012-02-13T08:38:00Z,2022-08-25T10:55:43Z,3,HTML,67,393,181
PaddlePaddle/Paddle,2016-08-15T06:59:08Z,2022-08-25T12:05:22Z,56,C++,22199,15204,13064
SnapKit/SnapKit,2014-06-05T21:13:40Z,2022-08-25T11:56:44Z,12,Swift,125,546,467
recharts/recharts,2015-08-07T06:50:27Z,2022-08-25T13:23:29Z,0,TypeScript,361,2421,2014
reduxjs/reselect,2015-07-01T11:06:45Z,2022-08-25T09:30:00Z,35,TypeScript,126,370,356
shimohq/chinese-programmer-wrong-pronunciation,2017-02-15T09:02:40Z,2022-08-25T14:34:25Z,0,JavaScript,122,222,111
google/eng-practices,2019-09-04T20:47:01Z,2022-08-25T08:48:51Z,0,,8,11,6
dhg/Skeleton,2011-04-30T20:04:24Z,2022-08-24T20:33:42Z,6,CSS,25,200,126
go-kratos/kratos,2019-01-10T10:42:31Z,2022-08-25T13:01:24Z,53,Go,1050,868,796
kdeldycke/awesome-falsehood,2016-09-08T09:13:47Z,2022-08-25T13:07:32Z,0,,82,24,23
refined-github/refined-github,2016-02-15T16:45:02Z,2022-08-25T14:14:39Z,85,TypeScript,2357,3092,2941
websockets/ws,2011-11-09T22:32:45Z,2022-08-25T10:43:43Z,94,JavaScript,478,1386,1381
ruanyf/jstraining,2016-10-27T12:00:26Z,2022-08-24T15:45:46Z,0,,18,41,41
elunez/eladmin,2018-12-14T08:54:24Z,2022-08-25T08:46:00Z,0,Java,71,609,589
sebastianbergmann/phpunit,2009-12-24T13:16:23Z,2022-08-25T07:18:17Z,0,PHP,793,3140,2984
google/flatbuffers,2014-05-19T18:33:01Z,2022-08-25T13:40:24Z,19,C++,1532,2013,1872
PHPMailer/PHPMailer,2011-08-23T07:57:17Z,2022-08-25T09:58:38Z,56,PHP,403,1906,1879
Awesome-HarmonyOS/HarmonyOS,2019-08-09T11:24:00Z,2022-08-25T06:30:36Z,0,C,15,0,0
javascript-tutorial/en.javascript.info,2017-06-03T14:27:57Z,2022-08-25T14:40:55Z,0,HTML,1828,729,649
flameshot-org/flameshot,2017-05-10T19:44:51Z,2022-08-25T13:04:31Z,25,C++,762,1873,1558
Prinzhorn/skrollr,2012-03-18T15:41:35Z,2022-08-23T18:35:35Z,0,HTML,35,776,533
philc/vimium,2009-09-20T07:08:19Z,2022-08-25T09:04:19Z,0,JavaScript,595,3075,2097
jitsi/jitsi-meet,2013-12-16T12:51:09Z,2022-08-24T17:38:15Z,42,JavaScript,5567,5338,5105
google/web-starter-kit,2014-04-07T08:45:18Z,2022-08-24T06:39:33Z,14,HTML,234,585,535
changkun/modern-cpp-tutorial,2016-08-19T14:39:15Z,2022-08-25T14:33:58Z,3,C++,98,109,105
checkcheckzz/system-design-interview,2014-05-18T02:40:53Z,2022-08-25T13:50:10Z,0,,26,13,6
google/mediapipe,2019-06-13T19:16:41Z,2022-08-25T12:25:33Z,39,C++,1,3443,3068
ai/nanoid,2017-08-05T05:24:35Z,2022-08-25T13:48:21Z,1,JavaScript,157,182,179
wenyan-lang/wenyan,2019-12-08T20:21:32Z,2022-08-25T05:15:55Z,13,TypeScript,168,482,306
phoenixframework/phoenix,2014-01-20T14:14:11Z,2022-08-25T13:06:08Z,20,Elixir,2098,2189,2179
FelisCatus/SwitchyOmega,2012-06-08T15:32:30Z,2022-08-25T02:44:14Z,51,CoffeeScript,7,2274,1692
tachiyomiorg/tachiyomi,2015-10-07T09:51:12Z,2022-08-25T13:55:14Z,68,Kotlin,1279,6106,5625
requarks/wiki,2016-08-16T19:35:26Z,2022-08-25T12:58:01Z,101,Vue,314,0,0
aseprite/aseprite,2014-08-19T23:44:50Z,2022-08-25T14:19:01Z,83,C++,153,3039,1783
adobe-fonts/source-code-pro,2012-08-09T23:14:02Z,2022-08-25T01:55:45Z,13,CSS,47,223,162
dgraph-io/dgraph,2015-08-25T07:15:56Z,2022-08-25T11:07:37Z,100,Go,4299,2346,2292
square/picasso,2013-05-14T15:07:47Z,2022-08-25T09:49:45Z,7,Kotlin,541,1554,1370
